Attendance,Coding_Score,DSA_Score,Aptitude,Communication,Projects,Internships,CGPA,Placement_Status
80,34,23,55,51,1,1,8.68,Placed
83,89,31,95,74,0,0,5.47,Placed
54,84,97,23,91,1,3,6.1,Placed
77,55,20,40,74,2,2,5.78,Placed
88,63,33,31,68,0,2,9.24,Placed
78,53,25,78,88,0,3,5.39,Placed
58,100,99,66,93,1,0,5.23,Placed
54,57,30,49,32,3,2,7.27,Placed
93,66,40,67,65,1,2,8.51,Placed
83,29,97,41,88,5,1,5.82,Placed
64,54,91,48,61,0,1,9.11,Placed
91,60,71,54,28,1,2,6.06,Placed
71,70,78,38,53,1,1,8.72,Placed
74,53,94,74,94,3,2,6.1,Placed
48,85,83,31,26,0,1,8.14,Placed
90,74,96,28,69,3,3,7.65,Placed
75,21,34,88,54,5,2,5.56,Placed
67,40,78,20,53,4,1,7.54,Placed
46,100,58,84,97,1,1,6.87,Placed
50,89,87,20,96,2,3,5.1,Placed
99,66,59,50,27,1,0,5.43,Placed
71,28,88,36,36,5,3,9.73,Placed
50,53,87,97,74,1,1,8.56,Placed
65,67,76,86,77,0,1,6.12,Placed
61,22,95,90,49,4,1,5.04,Placed
85,100,27,49,28,0,2,5.35,Placed
55,55,82,47,89,1,3,6.21,Placed
70,72,44,32,32,5,3,6.77,Placed
66,79,26,32,27,3,2,9.0,Placed
46,51,44,44,88,3,1,7.11,Placed
57,79,51,29,76,4,0,5.25,Placed
74,21,31,50,41,3,3,7.41,Placed
95,71,27,41,68,0,3,6.33,Placed
90,78,56,74,91,5,3,5.77,Placed
58,47,27,94,89,0,2,5.29,Placed
77,81,84,87,40,0,0,9.26,Placed
44,96,28,50,71,0,1,7.89,Placed
42,99,30,73,94,4,2,9.67,Placed
53,60,50,53,70,1,2,7.29,Placed
99,29,21,78,99,4,0,5.37,Placed
53,84,53,36,64,0,1,6.85,Placed
50,76,89,58,98,5,0,8.34,Placed
75,58,33,37,53,0,0,8.71,Placed
49,54,56,97,46,5,2,6.02,Placed
80,53,84,82,52,0,0,8.17,Placed
93,55,25,20,62,1,2,5.81,Placed
68,90,74,91,21,0,0,9.73,Placed
84,39,89,24,67,4,1,7.15,Placed
42,59,66,25,65,1,1,8.33,Placed
62,91,72,99,39,1,1,9.88,Placed
91,42,72,23,42,5,2,8.91,Placed
66,51,54,40,33,3,0,9.29,Placed
54,45,78,64,59,1,1,5.12,Placed
52,71,62,55,28,2,2,8.21,Placed
65,88,62,23,34,2,1,7.9,Placed
56,24,33,96,75,2,2,7.18,Placed
72,34,69,93,44,2,0,8.54,Placed
40,86,88,45,66,3,0,9.74,Placed
98,62,99,60,35,5,2,7.54,Placed
82,72,61,71,57,4,1,5.96,Placed
82,68,42,98,92,2,3,7.74,Placed
40,58,56,46,75,4,2,7.32,Placed
68,47,85,80,41,5,0,6.42,Placed
82,99,62,31,50,5,2,6.12,Placed
52,38,23,25,51,3,0,7.28,Placed
96,100,93,44,69,3,3,6.22,Placed
81,20,33,74,48,1,3,5.25,Placed
55,35,78,37,79,5,2,9.75,Placed
97,76,98,84,74,4,3,9.49,Placed
87,80,77,53,51,5,2,8.83,Placed
73,82,100,50,55,3,0,8.57,Placed
55,54,62,60,89,0,1,5.75,Placed
64,39,47,28,73,3,2,7.71,Placed
66,27,46,73,69,4,0,9.28,Placed
88,93,68,81,20,2,2,8.77,Placed
94,73,88,89,97,1,3,6.1,Placed
67,82,23,69,63,5,3,8.62,Placed
93,79,36,99,88,0,3,7.96,Placed
82,23,30,74,37,3,1,5.25,Placed
64,61,47,78,61,2,3,6.39,Placed
100,73,52,30,80,0,0,10.0,Placed
62,48,28,25,23,1,1,9.2,Placed
79,39,50,36,80,5,0,7.82,Placed
53,79,52,67,41,4,0,8.89,Placed
50,59,33,94,23,2,3,6.98,Placed
85,45,29,95,100,1,0,8.49,Placed
59,96,35,92,25,2,3,8.31,Placed
44,84,63,21,73,3,0,7.17,Placed
63,78,39,75,42,5,2,8.08,Placed
98,88,81,79,75,5,2,6.61,Placed
55,31,55,77,51,3,3,6.68,Placed
71,61,43,82,47,2,2,6.7,Placed
96,96,55,91,21,4,1,5.43,Placed
86,72,82,91,50,5,3,8.23,Placed
71,77,22,31,57,1,3,8.46,Placed
59,94,67,80,90,4,2,7.13,Placed
87,90,62,65,78,2,2,6.26,Placed
47,44,60,35,88,5,1,5.96,Placed
87,81,55,95,87,4,2,9.9,Placed
93,44,57,49,66,1,2,5.07,Placed
74,36,55,25,26,4,2,8.49,Placed
48,82,33,21,93,2,3,7.39,Placed
61,43,26,52,81,0,0,7.0,Placed
44,93,100,26,39,1,2,5.43,Placed
55,35,91,73,97,4,1,8.88,Placed
64,77,76,58,95,3,2,7.84,Placed
43,98,32,46,100,1,2,8.3,Placed
50,50,42,90,29,1,0,7.04,Placed
84,96,80,57,24,1,2,8.53,Placed
84,78,29,49,53,5,1,7.13,Placed
74,48,39,54,38,0,0,5.83,Placed
59,96,92,56,76,0,3,8.44,Placed
84,71,54,84,89,3,3,5.4,Placed
42,75,61,97,52,0,0,6.14,Placed
83,93,95,22,54,4,0,8.82,Placed
51,80,86,76,55,1,3,8.17,Placed
71,31,80,64,72,2,2,8.35,Placed
94,40,62,72,83,2,3,9.07,Placed
75,24,78,31,60,2,2,5.58,Placed
89,71,85,20,89,3,3,5.27,Placed
73,66,99,83,100,3,0,6.02,Placed
75,36,56,76,82,0,0,9.87,Placed
78,50,40,59,90,0,3,5.47,Placed
93,34,79,35,39,3,2,7.54,Placed
57,73,81,80,51,3,1,6.92,Placed
98,96,85,37,28,2,3,6.7,Placed
90,84,54,20,56,5,2,9.19,Placed
77,82,39,77,88,3,2,6.66,Placed
88,89,68,78,61,1,1,7.86,Placed
54,72,25,60,80,5,3,6.93,Placed
82,39,83,24,36,4,2,9.35,Placed
95,76,32,87,78,0,1,7.05,Placed
81,39,29,80,53,2,3,8.25,Placed
94,62,88,68,60,5,3,9.36,Placed
42,99,28,50,100,5,2,9.99,Placed
87,31,75,32,32,3,1,8.47,Placed
97,23,25,61,27,2,2,6.87,Placed
49,51,87,72,92,5,1,5.85,Placed
45,98,68,99,50,3,1,6.16,Placed
80,52,78,52,21,3,2,8.39,Placed
50,29,76,64,95,2,3,8.45,Placed
69,58,45,69,81,0,1,6.91,Placed
62,93,57,57,22,5,3,6.37,Placed
76,26,97,83,56,1,2,6.1,Placed
52,99,52,37,100,0,0,6.54,Placed
68,24,94,66,36,0,2,6.63,Placed
66,42,45,36,89,2,2,9.15,Placed
56,81,57,63,34,3,0,5.7,Placed
54,70,91,66,31,3,0,6.32,Placed
47,78,67,53,94,3,2,5.54,Placed
54,80,23,99,91,2,1,8.24,Placed
80,79,58,72,34,1,0,9.73,Placed
59,83,34,32,50,4,1,6.94,Placed
63,89,73,95,39,3,0,9.17,Placed
79,72,55,24,67,1,3,7.22,Placed
55,66,32,67,89,5,2,5.3,Placed
57,44,35,78,31,5,1,8.21,Placed
78,22,26,62,51,1,1,5.34,Placed
88,90,46,95,47,1,2,8.87,Placed
90,96,20,55,38,1,2,8.99,Placed
47,23,36,21,65,1,2,5.08,Placed
56,26,36,73,87,0,0,7.38,Placed
89,66,85,95,33,3,1,9.73,Placed
42,86,58,78,23,0,3,9.24,Placed
67,33,82,76,29,0,2,8.04,Placed
44,36,55,99,94,4,2,6.9,Placed
78,87,57,78,84,4,3,5.5,Placed
84,34,90,47,75,3,1,7.07,Placed
92,78,71,73,32,2,3,6.56,Placed
56,67,39,80,28,0,0,5.47,Placed
46,67,36,91,27,4,2,8.35,Placed
66,65,74,26,56,4,2,6.76,Placed
76,84,47,39,81,1,0,6.75,Placed
75,67,34,55,93,1,3,9.23,Placed
89,99,98,91,23,4,2,5.14,Placed
57,59,63,64,20,1,1,7.83,Placed
65,28,38,23,31,5,1,6.88,Placed
69,63,40,67,59,5,2,8.88,Placed
76,96,30,26,39,1,0,8.37,Placed
57,76,74,82,97,3,3,6.37,Placed
88,85,34,64,75,0,2,8.39,Placed
77,82,87,59,25,1,3,9.92,Placed
43,20,46,58,47,1,2,6.45,Placed
47,20,83,75,42,1,3,7.66,Placed
54,84,91,65,29,3,0,7.18,Placed
69,29,60,93,74,4,3,8.55,Placed
66,57,34,71,22,2,1,9.01,Placed
79,78,66,31,75,0,1,7.18,Placed
65,87,30,70,59,5,2,6.11,Placed
89,41,29,85,34,4,1,9.53,Placed
62,64,38,50,33,1,2,5.99,Placed
78,39,29,42,100,3,3,8.77,Placed
88,94,77,92,99,2,2,5.75,Placed
44,80,76,100,58,2,0,6.76,Placed
44,59,79,77,24,0,2,9.16,Placed
44,31,98,96,84,3,3,7.9,Placed
90,25,77,93,44,2,3,7.51,Placed
43,77,33,63,30,4,1,5.2,Placed
85,76,76,87,86,4,1,6.82,Placed
98,56,69,72,63,5,0,8.95,Placed
81,62,28,62,32,4,3,6.42,Placed
86,97,39,62,30,4,1,9.58,Placed
59,70,36,96,30,2,3,8.22,Placed
61,36,87,31,74,4,2,5.09,Placed
59,43,47,63,82,1,1,10.0,Placed
49,29,57,32,84,4,0,8.31,Placed
96,99,36,96,68,1,1,5.9,Placed
84,99,41,76,25,3,2,8.38,Placed
55,76,98,56,77,1,1,6.55,Placed
91,80,44,67,93,3,3,8.85,Placed
89,68,84,87,73,1,1,9.01,Placed
48,52,26,81,67,4,0,8.56,Placed
73,35,56,30,40,2,3,9.53,Placed
49,75,31,48,77,2,0,7.07,Placed
65,84,67,50,69,0,2,6.12,Placed
60,32,62,38,37,0,2,9.59,Placed
70,37,80,77,98,0,0,5.1,Placed
53,39,90,97,87,3,0,8.88,Placed
55,58,35,26,50,3,3,5.31,Placed
93,83,96,88,22,5,1,8.59,Placed
58,74,20,98,65,1,3,5.94,Placed
82,30,87,66,28,4,0,6.95,Placed
70,25,69,67,52,5,0,6.79,Placed
44,64,50,100,33,4,2,5.67,Placed
62,89,63,42,79,5,3,8.16,Placed
91,37,28,78,24,2,1,5.22,Placed
52,25,60,59,85,3,3,6.27,Placed
88,44,56,65,26,5,2,6.37,Placed
91,67,75,71,76,3,2,9.87,Placed
71,83,67,86,54,0,3,5.39,Placed
78,43,89,57,61,0,0,6.64,Placed
58,59,77,97,74,1,3,6.76,Placed
42,65,98,75,55,5,0,5.38,Placed
80,71,66,85,40,0,1,9.24,Placed
83,76,24,36,28,1,2,6.81,Placed
100,92,24,97,39,5,3,9.74,Placed
63,76,29,93,37,4,2,6.99,Placed
81,55,51,34,23,5,1,7.5,Placed
64,91,35,53,53,5,3,6.07,Placed
79,56,82,45,35,1,0,7.26,Placed
97,76,31,60,64,5,0,7.75,Placed
58,58,40,42,66,4,1,5.61,Placed
52,37,50,83,23,2,2,7.34,Placed
75,36,98,31,28,2,3,10.0,Placed
86,81,87,72,72,4,0,5.63,Placed
60,29,77,79,86,2,1,9.39,Placed
89,90,95,43,36,3,0,9.16,Placed
73,39,58,41,40,2,1,6.73,Placed
100,86,56,30,52,1,2,5.63,Placed
59,98,88,31,84,5,1,7.96,Placed
77,39,41,99,97,2,0,9.13,Placed
41,30,25,93,53,5,1,8.83,Placed
66,99,23,83,100,4,2,8.21,Placed
59,81,51,71,58,3,0,8.44,Placed
50,76,73,81,79,1,2,8.03,Placed
60,60,64,71,36,2,0,6.6,Placed
69,35,54,77,51,1,0,5.25,Placed
100,69,98,73,51,1,2,9.67,Placed
86,60,44,40,83,4,3,7.49,Placed
59,83,22,31,70,4,3,9.83,Placed
53,94,65,26,26,2,3,7.99,Placed
93,80,56,88,21,0,3,5.67,Placed
56,66,71,66,25,3,0,7.85,Placed
52,66,90,56,29,3,3,8.82,Placed
57,99,98,35,36,0,3,6.87,Placed
61,91,66,38,45,4,3,7.5,Placed
42,24,37,62,80,4,3,5.74,Placed
97,85,37,61,98,2,1,6.96,Placed
79,58,95,63,84,4,3,8.54,Placed
59,80,22,67,62,5,0,9.9,Placed
77,59,100,23,96,3,2,9.84,Placed
90,94,93,49,26,4,3,5.85,Placed
80,99,68,38,51,0,0,5.95,Placed
68,60,73,39,72,5,1,7.05,Placed
89,98,80,27,37,4,1,7.8,Placed
82,81,87,68,60,1,3,9.56,Placed
61,89,65,53,98,3,1,9.79,Placed
57,91,58,48,58,2,1,8.45,Placed
71,60,81,64,91,5,2,6.44,Placed
76,89,68,70,64,1,2,5.21,Placed
85,30,64,76,52,5,3,6.07,Placed
92,88,54,91,54,1,0,8.08,Placed
77,50,51,26,87,1,1,5.26,Placed
66,62,80,32,37,0,1,7.03,Placed
99,80,81,45,56,2,2,8.23,Placed
98,31,93,49,88,5,0,9.57,Placed
51,73,42,24,70,3,1,9.68,Placed
95,57,24,21,58,4,0,9.64,Placed
61,56,78,89,87,3,1,9.26,Placed
69,54,44,34,62,1,3,8.24,Placed
85,43,21,63,57,4,1,5.88,Placed
94,71,74,85,61,0,3,8.35,Placed
51,37,81,61,51,0,2,6.92,Placed
68,54,62,58,94,5,0,6.31,Placed
63,50,27,35,79,2,1,7.03,Placed
72,59,35,57,67,4,1,6.1,Placed
48,81,39,78,97,2,3,8.51,Placed
98,80,88,47,51,5,0,7.63,Placed
73,66,29,92,34,0,1,7.86,Placed
49,41,61,86,76,0,1,8.58,Placed
71,31,85,77,27,3,1,7.57,Placed
69,92,27,91,79,5,2,8.62,Placed
65,52,20,47,94,0,0,7.12,Placed
84,28,89,27,28,3,0,6.44,Placed
51,37,73,67,68,3,3,6.88,Placed
83,89,37,64,35,1,3,7.64,Placed
86,48,20,22,58,3,3,7.66,Placed
92,49,51,78,64,1,2,5.94,Placed
96,34,24,73,98,0,1,6.03,Placed
46,96,24,77,96,5,0,6.22,Placed
42,71,76,49,89,1,0,5.7,Placed
58,49,93,60,93,4,2,6.18,Placed
96,38,86,48,72,2,2,5.3,Placed
100,95,42,100,74,4,3,5.23,Placed
62,68,87,60,73,3,1,6.5,Placed
51,88,80,50,48,2,1,9.03,Placed
98,27,91,72,73,4,1,6.94,Placed
56,46,62,30,77,2,0,7.68,Placed
93,44,26,54,68,5,0,9.37,Placed
52,95,91,47,81,1,2,6.52,Placed
98,21,47,44,35,5,3,9.57,Placed
84,97,46,70,50,4,2,8.88,Placed
64,79,88,65,59,2,2,7.56,Placed
71,79,32,80,60,1,2,6.56,Placed
42,92,48,38,22,2,3,6.48,Placed
52,62,49,68,92,1,3,7.75,Placed
100,63,52,82,82,3,1,8.66,Placed
62,41,37,89,82,1,0,7.62,Placed
93,29,26,20,72,1,1,5.34,Placed
49,21,47,84,78,2,0,8.09,Placed
82,98,81,82,22,0,3,5.06,Placed
73,55,88,56,22,4,3,9.03,Placed
98,42,33,32,87,1,1,5.96,Placed
73,52,65,54,70,0,2,9.8,Placed
69,92,51,48,58,5,0,8.27,Placed
94,24,31,71,68,3,3,5.28,Placed
40,41,30,83,75,5,2,7.83,Placed
94,32,87,25,49,1,3,6.36,Placed
99,29,55,89,92,5,0,5.9,Placed
94,60,22,46,95,1,3,9.64,Placed
59,40,92,50,92,3,2,6.92,Placed
87,37,30,84,64,0,0,7.19,Placed
93,29,63,97,98,4,3,9.84,Placed
60,23,54,77,82,1,2,7.77,Placed
64,75,43,94,68,0,2,8.99,Placed
85,29,30,54,39,3,1,8.7,Placed
60,66,33,31,20,2,3,6.8,Placed
57,33,36,31,43,3,3,7.78,Placed
72,72,33,23,31,2,0,7.98,Placed
90,61,69,21,57,3,3,8.9,Placed
86,91,51,93,86,1,3,5.85,Placed
57,58,54,83,38,0,1,7.17,Placed
66,58,81,29,66,2,1,8.6,Placed
71,96,98,45,78,0,1,6.52,Placed
100,70,62,99,68,2,3,6.67,Placed
92,96,37,58,61,4,1,7.4,Placed
51,70,60,57,82,4,1,6.63,Placed
57,70,66,34,92,1,1,8.41,Placed
75,23,79,46,76,2,0,9.09,Placed
90,72,83,37,58,1,2,8.29,Placed
85,74,68,29,77,4,3,7.91,Placed
74,84,73,89,24,2,0,5.55,Placed
55,65,41,98,25,4,3,9.83,Placed
61,75,33,21,32,2,1,7.55,Placed
73,91,94,93,48,3,2,6.96,Placed
89,95,84,39,64,0,3,5.52,Placed
66,30,34,38,64,2,2,7.28,Placed
53,86,81,64,80,0,3,8.61,Placed
68,60,28,58,25,5,0,5.11,Placed
61,33,41,51,86,1,1,6.65,Placed
67,79,49,71,100,1,1,8.2,Placed
67,70,23,98,45,3,3,6.94,Placed
85,47,46,55,28,4,0,9.0,Placed
74,43,66,61,45,3,0,6.31,Placed
95,82,87,60,96,3,3,7.94,Placed
62,65,78,99,42,5,2,9.59,Placed
77,30,37,60,35,1,2,5.58,Placed
63,38,85,69,73,4,1,7.87,Placed
67,43,82,88,42,4,1,7.45,Placed
48,43,60,77,99,0,2,9.76,Placed
71,37,44,69,91,4,3,7.05,Placed
71,73,76,82,41,0,0,8.98,Placed
54,57,24,55,48,4,2,5.84,Placed
69,92,83,90,85,0,0,6.34,Placed
74,66,89,25,76,4,1,9.95,Placed
46,51,58,24,77,2,2,9.31,Placed
45,76,35,50,46,5,2,9.31,Placed
79,100,74,41,98,1,1,9.07,Placed
91,27,92,64,88,2,1,6.62,Placed
85,57,57,93,54,4,0,5.68,Placed
88,72,27,55,36,5,1,6.25,Placed
85,61,51,70,82,1,2,8.14,Placed
64,77,29,31,71,4,2,8.47,Placed
96,67,78,82,61,4,0,9.34,Placed
94,31,78,65,28,4,3,6.09,Placed
67,47,83,54,61,2,2,7.74,Placed
48,92,82,63,26,0,0,8.13,Placed
93,78,22,35,40,3,3,5.0,Placed
67,45,36,58,40,2,0,8.27,Placed
56,30,67,41,26,3,2,8.63,Placed
88,49,74,31,32,0,1,7.38,Placed
48,95,48,86,76,0,0,8.48,Placed
92,35,74,36,81,0,1,6.92,Placed
86,33,33,60,67,2,1,6.91,Placed
92,37,38,28,87,4,0,8.05,Placed
50,76,64,47,100,5,1,9.6,Placed
79,76,47,31,32,1,0,7.95,Placed
64,64,74,60,37,1,2,8.22,Placed
55,90,96,96,97,2,0,9.24,Placed
82,58,46,86,97,4,1,8.74,Placed
58,26,50,83,69,0,1,7.5,Placed
78,29,87,21,66,2,1,6.93,Placed
93,92,73,66,89,5,1,8.81,Placed
89,29,22,95,28,0,2,6.08,Placed
99,27,70,84,56,5,3,7.12,Placed
65,30,88,88,98,1,2,5.42,Placed
45,85,46,39,88,2,3,7.93,Placed
88,28,59,75,50,0,1,5.43,Placed
67,34,78,98,97,0,2,8.33,Placed
82,42,35,21,37,5,0,5.82,Placed
100,64,86,86,53,1,2,5.63,Placed
89,54,35,23,62,3,2,7.62,Placed
56,93,100,29,83,3,2,5.28,Placed
94,92,41,67,40,2,0,9.47,Placed
83,34,49,85,20,0,0,6.22,Placed
70,66,69,39,42,0,3,6.12,Placed
55,73,60,54,29,4,2,5.6,Placed
83,26,42,48,86,0,3,5.34,Placed
69,56,59,61,31,4,3,5.04,Placed
52,57,92,58,99,1,3,6.84,Placed
71,45,89,51,39,0,3,5.12,Placed
74,64,21,62,20,5,3,9.25,Placed
86,59,33,46,87,1,3,7.46,Placed
43,38,55,31,25,1,3,8.5,Placed
63,78,30,94,32,4,1,8.19,Placed
65,29,95,92,27,3,1,6.18,Placed
56,60,70,61,60,3,2,6.17,Placed
100,45,37,94,33,1,0,5.82,Placed
69,60,72,35,88,2,1,7.26,Placed
69,53,35,31,40,5,2,9.13,Placed
84,97,25,47,61,1,0,8.56,Placed
62,70,85,26,58,2,1,5.16,Placed
65,77,91,90,51,0,3,5.51,Placed
90,37,35,21,27,1,1,5.99,Placed
65,67,100,30,94,4,2,9.59,Placed
44,22,28,45,76,1,0,9.53,Placed
93,62,35,25,79,0,1,9.62,Placed
67,70,83,23,68,5,3,5.86,Placed
53,43,55,55,77,1,0,8.07,Placed
79,51,57,83,72,4,3,5.3,Placed
57,69,37,73,45,5,1,8.15,Placed
91,89,22,68,65,3,3,6.72,Placed
76,84,61,69,54,1,0,6.59,Placed
54,23,55,27,80,4,2,8.83,Placed
54,40,32,51,50,2,0,8.82,Placed
100,48,93,69,65,1,1,6.18,Placed
60,65,95,23,65,4,1,7.82,Placed
52,83,89,59,42,3,0,5.45,Placed
54,97,48,22,87,3,0,6.66,Placed
79,45,36,63,42,2,0,5.11,Placed
77,38,34,87,66,0,2,8.52,Placed
82,70,95,32,63,2,2,5.68,Placed
50,75,82,60,42,5,2,6.12,Placed
77,42,68,59,57,1,1,8.64,Placed
100,93,70,92,24,1,2,9.61,Placed
79,48,92,33,83,1,2,8.73,Placed
55,64,60,41,31,5,2,7.23,Placed
56,46,51,28,64,2,0,8.6,Placed
43,69,76,73,41,3,3,9.41,Placed
62,89,68,32,81,4,1,5.81,Placed
44,24,57,22,60,2,0,5.37,Placed
50,68,40,29,90,0,2,7.97,Placed
79,81,23,75,41,4,3,5.79,Placed
46,62,46,44,72,5,2,8.3,Placed
59,50,32,26,70,4,3,5.77,Placed
63,20,74,31,57,5,3,6.0,Placed
41,46,41,57,30,3,0,6.54,Placed
65,80,82,53,31,5,3,5.92,Placed
96,68,67,43,77,0,2,7.2,Placed
56,48,54,92,27,1,0,5.43,Placed
62,89,72,95,49,4,0,9.2,Placed
92,86,73,88,80,4,1,7.38,Placed
45,70,24,84,93,4,1,5.6,Placed
88,77,42,41,47,1,1,5.21,Placed
45,75,45,100,38,4,2,6.6,Placed
86,28,31,69,91,3,2,9.28,Placed
73,78,21,99,95,4,3,5.56,Placed
49,38,92,95,94,0,0,7.81,Placed
46,56,88,64,72,2,3,8.27,Placed
76,97,80,24,42,2,3,5.72,Placed
78,71,24,70,62,5,1,5.25,Placed
70,54,67,22,63,2,2,6.4,Placed
71,32,49,37,58,5,3,8.87,Placed
60,54,73,97,31,1,3,6.06,Placed
92,72,82,86,67,0,1,5.33,Placed
85,84,71,37,87,4,0,5.87,Placed
96,45,27,51,24,3,0,9.59,Placed
85,45,55,67,79,4,3,8.18,Placed
47,23,50,67,82,4,3,5.89,Placed
95,80,95,90,64,2,1,9.19,Placed
56,31,56,23,69,0,1,9.27,Placed
89,47,48,48,46,2,3,7.57,Placed
95,21,80,36,42,4,0,6.12,Placed
78,59,55,74,68,2,3,6.26,Placed
69,58,86,99,70,4,0,5.04,Placed
82,67,91,96,97,2,2,8.42,Placed
70,28,63,55,61,2,2,8.28,Placed
100,58,44,39,86,1,0,9.03,Placed
91,96,71,60,37,5,0,8.28,Placed
58,53,73,71,69,5,0,7.92,Placed
76,44,63,48,88,5,3,9.53,Placed
82,65,84,58,41,5,1,6.47,Placed
70,36,53,91,43,5,2,8.27,Placed
54,65,48,59,73,2,2,6.3,Placed
58,79,35,80,26,5,0,7.36,Placed
52,84,35,68,87,2,3,5.27,Placed
94,39,37,45,63,3,3,5.72,Placed
95,43,30,82,62,5,1,6.57,Placed
43,20,77,55,46,1,1,7.45,Placed
88,31,36,98,75,5,3,7.02,Placed
70,69,20,24,88,1,2,9.75,Placed
97,61,87,44,22,5,0,8.13,Placed
55,48,64,59,36,0,3,7.52,Placed
59,41,28,25,58,2,3,8.64,Placed
78,87,63,75,37,2,3,6.8,Placed
52,41,71,22,49,1,1,6.06,Placed
41,95,84,41,35,2,0,6.88,Placed
80,52,88,99,26,4,0,8.31,Placed
81,22,26,34,73,3,3,5.62,Placed
56,80,39,46,100,0,2,7.1,Placed
46,86,54,99,97,5,1,7.09,Placed
97,33,85,99,35,2,0,8.92,Placed
71,45,97,45,53,4,1,6.79,Placed
66,57,40,25,90,3,1,8.44,Placed
70,62,50,20,21,5,0,9.53,Placed
93,93,83,39,31,4,0,8.62,Placed
46,52,49,78,57,2,3,5.25,Placed
92,42,25,57,66,5,2,7.13,Placed
47,32,25,21,37,5,1,6.64,Placed
97,76,99,54,31,2,2,5.91,Placed
65,71,78,54,69,5,3,9.0,Placed
81,41,34,36,27,1,0,7.08,Placed
77,81,92,76,43,4,3,8.9,Placed
79,23,36,81,82,0,3,7.2,Placed
44,53,60,21,87,5,1,9.89,Placed
82,63,86,86,99,0,3,8.31,Placed
55,81,64,69,39,4,0,5.06,Placed
99,40,84,80,83,1,0,8.76,Placed
60,50,62,55,26,4,1,7.75,Placed
64,71,50,30,78,3,3,5.44,Placed
71,77,60,35,83,5,0,5.51,Placed
66,24,91,90,20,0,2,9.45,Placed
75,46,78,63,66,0,1,9.22,Placed
61,91,99,96,80,5,2,8.58,Placed
47,32,48,20,63,2,2,7.74,Placed
63,33,25,41,83,1,3,5.53,Placed
79,45,44,35,70,1,3,9.12,Placed
52,63,33,73,25,5,0,8.86,Placed
68,78,95,84,37,3,0,7.65,Placed
43,90,75,94,81,4,1,8.46,Placed
51,36,33,69,96,4,2,7.52,Placed
64,73,97,51,55,3,2,9.85,Placed
68,37,37,72,97,5,2,9.22,Placed
75,60,90,100,47,1,1,8.12,Placed
58,64,36,42,84,4,2,8.55,Placed
88,65,91,81,94,4,3,8.37,Placed
97,88,56,74,21,4,0,5.13,Placed
49,26,27,45,54,1,2,8.42,Placed
49,27,57,46,89,0,2,9.07,Placed
46,98,91,48,91,3,1,7.55,Placed
90,56,26,68,69,3,2,9.83,Placed
43,21,52,45,99,3,1,9.56,Placed
85,67,95,89,97,1,1,6.47,Placed
51,29,43,42,85,0,3,5.2,Placed
57,91,53,36,40,4,2,5.03,Placed
69,39,25,39,61,4,0,8.87,Placed
80,98,58,82,93,4,2,5.36,Placed
85,60,87,48,43,4,0,8.93,Placed
50,73,89,88,71,0,2,6.11,Placed
53,62,62,66,57,1,3,9.98,Placed
92,21,34,64,77,1,1,9.79,Placed
83,61,68,34,69,2,2,5.12,Placed
73,67,85,85,77,3,0,6.48,Placed
81,44,61,85,30,0,1,9.86,Placed
89,88,88,20,100,0,1,8.35,Placed
89,47,74,33,46,4,3,8.23,Placed
100,29,39,23,78,5,2,5.19,Placed
44,26,42,52,91,0,1,9.55,Placed
66,69,77,100,71,3,2,5.08,Placed
83,35,88,20,99,0,0,8.5,Placed
44,65,84,33,57,5,2,8.03,Placed
58,76,68,70,23,3,1,7.67,Placed
48,70,89,57,38,2,2,9.79,Placed
40,90,91,38,35,0,0,7.86,Placed
65,88,90,30,59,1,2,6.06,Placed
97,85,38,40,43,1,2,5.97,Placed
51,92,26,90,79,5,0,6.45,Placed
44,52,32,45,94,3,2,6.79,Placed
82,50,32,56,99,0,1,6.59,Placed
68,62,98,59,94,1,2,9.04,Placed
67,41,20,60,51,1,3,6.38,Placed
63,37,62,81,79,3,2,8.87,Placed
71,90,33,42,97,0,2,9.29,Placed
48,88,45,53,100,0,0,9.46,Placed
94,84,100,23,94,4,3,8.85,Placed
53,24,90,53,89,4,3,8.27,Placed
49,66,70,48,95,5,2,5.67,Placed
72,85,31,70,66,4,0,8.31,Placed
94,98,41,85,37,3,1,5.9,Placed
100,92,38,81,65,0,1,8.81,Placed
54,28,53,67,49,0,1,7.59,Placed
90,66,69,80,78,0,0,9.9,Placed
60,33,86,55,53,4,1,6.88,Placed
64,66,95,29,86,2,3,9.86,Placed
54,86,71,65,64,3,3,9.44,Placed
40,84,37,76,41,1,0,7.57,Placed
57,47,39,43,40,2,0,8.31,Placed
66,62,34,81,81,3,1,7.95,Placed
81,72,22,51,25,1,1,5.67,Placed
72,25,93,38,27,1,2,9.61,Placed
73,71,96,92,22,5,2,9.74,Placed
53,77,97,80,81,1,1,9.15,Placed
78,38,94,43,99,5,2,5.84,Placed
83,63,78,96,95,0,1,6.89,Placed
48,33,22,45,86,4,3,9.13,Placed
78,32,42,80,98,4,0,9.39,Placed
74,84,35,31,81,5,1,9.51,Placed
74,20,75,86,73,2,0,8.49,Placed
67,49,81,68,64,4,0,7.13,Placed
56,81,49,30,56,4,3,6.29,Placed
40,20,93,86,35,4,0,6.88,Placed
53,60,72,66,33,1,3,8.26,Placed
56,53,88,74,92,2,2,9.96,Placed
65,46,72,90,91,3,1,6.85,Placed
75,81,52,59,93,2,3,8.68,Placed
94,35,49,77,40,0,1,7.54,Placed
90,63,90,98,26,1,3,9.82,Placed
40,31,38,80,96,3,0,5.32,Placed
54,67,30,97,24,5,3,9.65,Placed
65,98,86,56,96,0,1,8.2,Placed
68,21,45,86,56,1,0,8.92,Placed
72,86,49,98,41,5,0,6.8,Placed
81,20,40,31,55,3,2,8.35,Placed
65,95,45,86,21,5,0,9.6,Placed
75,56,91,94,64,2,2,6.13,Placed
52,78,71,93,20,2,1,7.04,Placed
46,91,29,84,57,2,0,9.01,Placed
56,88,93,52,76,3,3,8.85,Placed
88,63,78,78,95,0,3,5.58,Placed
44,68,48,49,60,3,2,7.58,Placed
40,53,51,56,31,3,2,5.38,Placed
99,42,80,60,65,1,2,5.91,Placed
87,44,83,45,50,5,1,9.36,Placed
53,49,45,51,99,2,1,8.89,Placed
47,30,83,98,20,4,0,9.24,Placed
63,99,60,83,93,2,3,5.91,Placed
88,85,55,70,48,4,1,5.27,Placed
91,74,81,89,24,4,2,6.97,Placed
83,42,78,35,86,3,2,8.45,Placed
40,46,68,94,32,2,2,8.06,Placed
56,43,90,53,50,2,3,9.79,Placed
61,66,43,83,74,1,3,8.5,Placed
63,66,71,55,77,1,1,9.9,Placed
83,49,32,54,50,4,3,9.28,Placed
52,38,39,80,21,1,3,7.5,Placed
97,100,86,88,60,3,2,6.25,Placed
94,92,26,70,32,5,1,5.3,Placed
92,52,80,100,32,3,2,6.3,Placed
63,91,91,52,64,0,3,5.61,Placed
95,97,45,93,93,5,1,9.9,Placed
58,65,61,85,82,5,3,9.45,Placed
64,98,56,79,100,1,1,8.2,Placed
99,63,73,100,98,4,3,9.24,Placed
44,30,40,63,49,2,2,8.27,Placed
85,54,97,70,54,3,2,8.74,Placed
73,77,72,41,43,0,1,8.64,Placed
82,52,30,46,41,3,0,5.48,Placed
99,80,90,26,23,3,0,5.52,Placed
79,39,30,69,59,1,1,8.69,Placed
68,100,36,36,87,1,0,5.18,Placed
62,61,80,79,89,2,3,5.68,Placed
100,89,42,95,96,3,3,7.62,Placed
80,88,59,64,81,4,1,9.02,Placed
68,59,66,72,53,1,2,5.05,Placed
73,37,64,56,80,4,0,8.44,Placed
71,81,58,21,75,2,1,8.98,Placed
75,67,44,72,91,3,3,6.25,Placed
85,69,68,48,53,0,3,8.13,Placed
73,98,54,56,88,2,3,5.94,Placed
44,43,37,57,34,5,3,8.09,Placed
57,99,82,44,61,0,1,5.25,Placed
74,22,43,33,56,2,1,8.58,Placed
86,21,49,31,39,0,3,6.09,Placed
66,59,83,67,79,5,0,6.65,Placed
93,38,27,54,70,0,3,5.91,Placed
97,52,68,21,35,5,1,6.92,Placed
68,51,24,45,78,5,0,7.61,Placed
53,80,69,59,61,1,0,8.72,Placed
75,86,35,52,81,5,2,5.99,Placed
96,26,47,34,50,5,3,6.62,Placed
50,55,94,35,70,1,0,9.84,Placed
77,80,96,39,67,0,1,5.79,Placed
45,99,63,100,27,0,2,8.22,Placed
84,88,33,36,82,1,2,9.91,Placed
90,64,76,44,22,5,3,6.79,Placed
48,52,25,82,76,4,2,7.71,Placed
71,44,92,43,89,2,2,8.66,Placed
57,96,90,40,28,4,1,7.25,Placed
92,53,89,66,78,0,3,8.67,Placed
96,22,99,66,99,1,2,8.61,Placed
82,88,69,44,87,5,3,8.83,Placed
49,98,56,61,72,5,2,5.55,Placed
73,28,25,36,42,0,1,5.54,Not Placed
52,32,24,93,69,5,3,7.63,Placed
84,95,52,26,66,1,0,5.07,Placed
98,46,82,30,79,5,0,6.8,Placed
87,73,67,27,98,2,0,8.67,Placed
93,58,29,47,86,0,0,8.63,Placed
74,69,44,44,87,5,1,7.85,Placed
100,42,91,91,73,5,0,8.83,Placed
76,65,78,74,33,1,1,7.75,Placed
72,63,40,88,96,3,2,9.51,Placed
75,61,67,72,75,5,2,8.04,Placed
76,89,47,68,90,5,2,6.8,Placed
68,77,70,20,24,2,0,7.59,Placed
96,58,20,58,48,1,2,5.11,Placed
92,55,90,85,91,4,1,5.47,Placed
69,65,39,37,53,2,1,6.16,Placed
91,58,31,93,71,4,1,8.67,Placed
86,61,81,42,82,5,0,7.98,Placed
59,24,93,68,30,0,2,6.74,Placed
92,75,73,35,49,5,0,8.17,Placed
80,68,26,59,87,0,2,7.7,Placed
49,61,84,48,39,0,3,9.86,Placed
88,96,93,84,31,1,3,6.45,Placed
65,38,36,63,30,3,0,7.74,Placed
56,30,71,84,75,5,1,8.81,Placed
70,91,45,82,70,5,1,7.81,Placed
87,87,51,51,29,2,3,6.62,Placed
99,93,31,34,72,3,2,6.74,Placed
60,64,96,23,59,1,2,8.08,Placed
91,76,99,38,76,0,1,6.0,Placed
63,39,30,34,26,1,1,9.34,Placed
92,56,21,63,34,2,3,7.36,Placed
61,46,88,47,46,4,2,7.74,Placed
79,38,22,68,94,5,0,6.28,Placed
43,56,45,99,54,0,3,8.27,Placed
40,28,69,54,66,0,0,6.46,Placed
96,69,49,68,85,5,0,9.52,Placed
71,96,88,31,43,1,3,7.8,Placed
85,22,25,51,87,2,2,7.45,Placed
87,40,22,64,65,2,2,6.18,Placed
72,55,27,100,52,3,0,9.72,Placed
100,55,48,39,63,3,1,5.44,Placed
64,86,98,100,49,3,1,7.86,Placed
67,59,97,62,77,4,1,6.03,Placed
48,94,89,45,37,2,1,7.15,Placed
98,38,92,40,60,0,0,5.92,Placed
93,38,23,60,72,3,2,7.22,Placed
99,55,39,44,33,1,1,5.13,Placed
79,98,54,97,92,4,1,7.98,Placed
54,23,65,30,81,1,3,8.56,Placed
63,43,69,82,80,1,1,5.97,Placed
42,72,21,54,72,1,1,8.79,Placed
44,42,76,98,82,5,2,9.33,Placed
96,51,74,71,25,4,3,8.6,Placed
65,98,93,96,88,4,0,7.6,Placed
68,78,25,51,86,4,3,9.92,Placed
42,91,69,86,100,0,1,6.46,Placed
65,58,56,79,41,3,2,8.07,Placed
43,86,38,79,77,0,0,5.9,Placed
77,89,37,70,72,2,3,5.12,Placed
69,95,45,78,31,2,2,8.46,Placed
98,40,35,31,34,5,3,8.17,Placed
45,87,69,85,98,1,3,7.75,Placed
42,41,62,92,39,1,1,5.89,Placed
85,26,73,59,59,5,3,6.44,Placed
51,35,36,45,20,4,2,5.06,Placed
71,83,89,20,97,3,1,6.08,Placed
82,80,78,72,76,0,0,6.22,Placed
75,55,99,100,91,1,0,5.92,Placed
43,64,24,38,24,5,2,6.66,Placed
45,26,33,73,42,1,2,8.06,Placed
84,96,93,91,42,3,2,9.66,Placed
45,58,61,67,68,0,3,9.22,Placed
44,57,80,37,35,5,2,6.65,Placed
66,87,46,46,98,0,0,7.86,Placed
80,87,31,81,97,5,2,7.14,Placed
94,60,53,87,93,4,2,9.64,Placed
79,92,83,86,100,3,3,9.04,Placed
96,98,49,57,44,0,0,5.12,Placed
80,35,46,98,73,3,0,6.67,Placed
75,47,21,45,56,2,0,6.54,Placed
72,90,61,20,34,5,2,6.71,Placed
86,92,98,23,42,1,2,9.17,Placed
99,81,80,24,37,3,1,8.14,Placed
97,88,62,79,72,5,0,9.18,Placed
59,92,60,91,88,0,1,7.89,Placed
61,65,28,39,55,0,2,9.92,Placed
80,88,41,93,97,3,1,7.98,Placed
95,59,60,24,54,3,0,7.49,Placed
55,67,77,58,47,4,2,5.88,Placed
63,24,45,31,76,4,0,9.0,Placed
97,84,39,44,63,3,2,8.88,Placed
49,32,86,36,46,5,0,7.3,Placed
85,86,34,20,59,0,0,6.67,Placed
96,25,33,86,59,0,2,8.19,Placed
53,61,45,44,56,2,2,8.86,Placed
82,35,54,39,40,2,0,5.08,Placed
79,91,85,33,46,4,2,7.75,Placed
57,38,56,93,51,1,0,6.56,Placed
97,63,89,76,26,1,0,7.35,Placed
83,26,33,69,26,0,3,6.96,Placed
85,96,95,100,77,4,2,6.56,Placed
92,45,88,30,79,4,1,5.46,Placed
91,79,32,78,59,5,3,7.35,Placed
100,48,38,98,53,2,3,5.92,Placed
98,62,61,78,82,0,0,7.38,Placed
62,81,79,41,56,2,1,7.54,Placed
65,33,61,91,29,2,3,7.0,Placed
66,50,99,51,90,1,3,6.92,Placed
61,46,95,75,75,4,2,7.72,Placed
55,42,29,93,82,0,3,6.63,Placed
46,76,42,59,71,0,0,8.43,Placed
78,68,61,83,27,0,1,9.09,Placed
96,94,20,38,39,3,2,6.95,Placed
76,77,45,46,60,2,2,9.59,Placed
99,75,64,31,94,0,3,9.24,Placed
94,57,27,67,90,0,0,8.52,Placed
92,65,34,56,23,1,3,8.51,Placed
65,100,60,68,71,3,3,7.73,Placed
82,42,80,37,44,4,3,9.22,Placed
63,73,39,56,36,1,0,5.36,Placed
41,38,82,75,37,0,1,8.21,Placed
66,78,97,74,99,1,3,7.55,Placed
75,77,69,65,48,1,3,8.02,Placed
76,83,50,84,54,3,2,5.17,Placed
42,92,81,67,34,4,3,9.81,Placed
45,38,87,55,79,4,0,7.62,Placed
79,31,51,80,100,5,0,8.42,Placed
74,94,59,98,26,2,0,7.34,Placed
72,80,93,62,73,2,2,6.45,Placed
42,96,58,92,53,0,3,7.89,Placed
76,26,57,99,23,2,3,5.41,Placed
72,29,55,52,36,4,2,6.38,Placed
56,21,34,97,42,4,1,8.3,Placed
63,42,53,50,82,1,0,6.71,Placed
45,38,96,39,83,3,3,6.19,Placed
68,41,46,93,64,0,2,8.78,Placed
47,26,41,79,71,3,2,7.38,Placed
100,88,49,68,69,3,2,5.73,Placed
95,75,21,56,77,3,2,9.81,Placed
83,25,32,88,65,3,2,6.67,Placed
57,32,52,94,70,3,1,8.67,Placed
77,44,86,63,43,2,0,8.36,Placed
93,28,21,72,32,4,0,8.43,Placed
62,48,56,52,44,0,0,8.1,Placed
43,96,47,96,35,5,0,5.43,Placed
78,36,68,92,43,0,1,6.27,Placed
69,29,78,55,74,5,2,6.29,Placed
89,29,55,27,68,3,2,9.98,Placed
56,53,42,76,28,3,1,8.05,Placed
51,82,33,38,89,3,1,8.07,Placed
46,76,53,33,24,0,0,7.86,Placed
56,77,22,83,39,5,0,9.66,Placed
82,69,54,39,62,3,0,7.58,Placed
100,82,81,75,71,5,0,7.7,Placed
40,69,81,35,92,4,2,6.67,Placed
59,71,27,100,31,2,2,5.4,Placed
69,57,45,42,90,0,3,8.3,Placed
59,69,33,100,65,3,0,9.43,Placed
68,44,37,24,44,0,1,7.45,Placed
44,89,59,83,88,3,0,5.19,Placed
43,63,25,71,35,1,3,9.7,Placed
95,88,39,94,49,0,0,8.68,Placed
71,22,80,99,25,1,1,5.07,Placed
80,26,59,32,78,4,1,9.18,Placed
44,33,34,83,96,4,1,5.32,Placed
52,74,63,71,61,0,1,6.61,Placed
90,47,25,95,42,2,0,5.6,Placed
49,73,41,67,90,1,3,6.22,Placed
77,25,37,32,100,4,3,8.89,Placed
41,82,30,20,20,1,0,8.53,Placed
77,56,73,80,36,1,1,8.2,Placed
73,77,72,50,42,4,0,7.98,Placed
85,83,98,31,100,2,2,7.09,Placed
75,50,44,35,87,0,2,9.31,Placed
74,84,48,79,100,5,1,6.38,Placed
52,34,39,80,83,1,1,8.35,Placed
42,26,66,56,46,3,2,6.67,Placed
91,78,25,33,26,4,1,5.79,Placed
41,82,85,34,29,1,3,7.96,Placed
60,73,45,61,49,0,2,6.14,Placed
55,72,45,68,48,0,3,7.93,Placed
43,75,38,47,98,3,1,6.94,Placed
48,78,44,100,65,2,1,6.68,Placed
42,92,27,55,37,0,3,7.29,Placed
50,63,48,57,97,1,1,7.89,Placed
75,49,31,72,86,3,1,7.96,Placed
93,79,55,21,74,5,1,6.24,Placed
67,94,48,95,39,4,0,7.09,Placed
42,25,80,84,24,3,3,7.4,Placed
91,32,77,83,50,0,0,8.47,Placed
66,47,36,65,57,1,0,5.08,Placed
82,59,40,78,93,5,0,9.88,Placed
69,37,71,43,67,5,3,8.52,Placed
40,100,29,69,62,4,0,6.48,Placed
88,54,98,89,93,1,0,8.1,Placed
61,27,85,66,26,0,3,6.83,Placed
79,25,66,66,42,5,0,7.8,Placed
89,46,37,62,50,4,0,8.25,Placed
87,94,46,48,61,2,2,7.52,Placed
67,55,26,28,67,2,3,7.43,Placed
73,35,80,88,88,2,3,8.1,Placed
91,28,44,78,31,0,3,9.49,Placed
58,29,33,41,55,0,1,7.48,Placed
95,46,86,100,22,2,3,9.85,Placed
74,36,80,64,73,3,0,6.46,Placed
44,22,49,86,62,3,2,8.28,Placed
90,61,82,95,87,4,3,7.29,Placed
76,36,59,41,53,1,3,6.86,Placed
58,26,38,65,56,3,1,8.09,Placed
50,88,56,43,42,5,1,5.81,Placed
47,25,60,93,36,3,2,6.85,Placed
53,91,24,60,64,1,2,7.24,Placed
50,88,58,35,23,3,3,8.84,Placed
100,78,60,39,20,5,2,8.24,Placed
58,80,57,93,38,4,3,6.69,Placed
47,81,25,37,90,0,2,5.12,Placed
79,48,77,65,31,2,0,8.04,Placed
52,94,87,48,55,1,0,5.42,Placed
94,77,31,85,70,1,3,6.59,Placed
78,85,27,66,70,1,3,6.85,Placed
63,21,56,64,64,2,3,9.37,Placed
45,47,76,73,76,2,1,9.03,Placed
97,74,73,37,95,4,0,5.72,Placed
59,80,87,62,28,4,3,5.44,Placed
66,54,73,42,91,3,1,6.0,Placed
93,68,57,90,82,0,2,9.17,Placed
59,83,91,79,48,0,0,5.77,Placed
59,80,35,56,73,1,3,9.53,Placed
81,51,23,35,55,3,0,7.99,Placed
63,94,81,92,75,2,3,9.87,Placed
92,35,67,85,93,0,2,5.81,Placed
43,38,60,79,37,2,1,5.26,Placed
63,73,65,26,57,2,0,7.57,Placed
89,100,43,32,96,1,2,9.36,Placed
92,58,54,66,32,4,2,9.12,Placed
40,37,86,56,67,3,3,6.7,Placed
98,40,33,47,39,4,1,9.16,Placed
90,91,98,87,88,5,0,7.09,Placed
98,29,34,36,22,3,2,6.56,Placed
63,37,76,96,86,2,1,8.55,Placed
41,35,48,36,38,5,1,6.54,Placed
53,36,30,74,34,0,0,8.87,Placed
88,75,25,45,33,0,0,7.35,Placed
98,52,25,28,58,5,0,8.77,Placed
90,35,97,46,95,1,1,8.35,Placed
41,31,38,55,94,2,2,5.8,Placed
72,98,50,84,92,0,0,9.1,Placed
88,21,87,47,44,2,1,9.51,Placed
74,20,32,47,84,5,3,6.83,Placed
77,43,76,33,43,2,3,7.12,Placed
72,49,72,34,60,0,3,5.55,Placed
48,83,66,56,91,5,0,5.41,Placed
71,34,69,56,78,4,2,8.44,Placed
93,76,48,90,72,2,3,5.94,Placed
44,80,67,42,21,5,3,8.36,Placed
65,76,86,30,35,1,3,7.0,Placed
77,33,41,28,66,1,2,6.0,Placed
94,71,35,49,74,5,3,6.39,Placed
85,94,95,54,71,2,3,8.33,Placed
100,71,82,85,55,1,3,5.54,Placed
56,82,83,49,100,1,0,5.5,Placed
43,28,83,23,42,3,2,5.76,Placed
79,99,32,29,86,3,3,6.01,Placed
82,83,82,84,53,4,2,9.05,Placed
74,89,22,24,75,0,3,7.25,Placed
94,68,76,78,24,0,1,7.78,Placed
95,58,41,82,75,1,2,8.58,Placed
71,34,92,82,90,5,3,7.38,Placed
94,40,84,27,70,2,3,7.96,Placed
64,98,65,56,61,0,0,7.95,Placed
48,66,64,94,23,5,2,6.9,Placed
67,64,65,72,64,0,1,6.24,Placed
81,59,95,30,28,2,0,6.69,Placed
41,88,61,24,78,5,3,7.84,Placed
97,73,54,22,80,4,0,9.93,Placed
64,93,69,61,93,0,3,5.5,Placed
83,46,63,83,84,5,2,5.83,Placed
59,66,75,45,83,5,0,9.2,Placed
74,47,56,53,26,2,3,9.02,Placed
79,31,94,32,95,2,2,5.34,Placed
91,87,80,74,46,2,0,8.26,Placed
59,84,58,75,89,2,1,7.07,Placed
56,99,85,78,90,1,0,8.14,Placed
73,43,93,83,47,5,3,6.34,Placed
80,88,98,75,92,5,0,7.61,Placed
63,79,38,50,39,5,2,9.22,Placed
66,60,28,46,72,2,2,8.23,Placed
56,96,50,71,50,0,1,5.96,Placed
55,59,79,82,91,3,3,8.23,Placed
42,45,40,54,37,0,2,8.95,Placed
57,90,42,25,82,0,0,9.3,Placed
45,60,97,58,28,3,2,8.36,Placed
96,31,70,37,50,0,0,7.61,Placed
93,94,87,52,83,0,1,8.0,Placed
89,60,62,94,69,5,1,9.68,Placed
53,38,33,42,47,2,3,7.04,Placed
95,95,27,82,88,2,0,6.58,Placed
67,80,51,55,38,2,3,8.58,Placed
92,59,22,97,24,5,0,8.45,Placed
90,50,52,90,69,2,2,9.52,Placed
83,35,88,50,76,3,0,9.55,Placed
65,52,58,31,50,2,1,9.3,Placed
50,76,100,60,72,0,2,9.33,Placed
92,82,80,72,62,5,3,9.38,Placed
92,32,40,53,84,0,2,7.1,Placed
86,90,61,78,23,0,1,8.15,Placed
90,37,20,71,45,5,2,6.57,Placed
45,34,40,51,86,5,1,9.23,Placed
83,72,60,77,81,5,1,6.3,Placed
83,95,61,56,45,0,3,6.84,Placed
65,68,93,48,22,0,1,9.53,Placed
69,45,53,41,26,3,3,8.0,Placed
49,31,67,41,92,0,0,8.59,Placed
67,78,83,35,48,5,1,5.95,Placed
95,54,56,83,68,1,3,9.28,Placed
78,47,56,44,73,1,3,8.96,Placed
41,57,53,50,99,3,1,6.85,Placed
83,78,30,21,80,1,2,9.87,Placed
65,47,69,74,96,2,0,5.48,Placed
43,26,62,50,80,2,0,5.03,Placed
72,99,68,58,70,5,2,5.66,Placed
97,91,25,94,42,2,1,7.52,Placed
99,63,79,36,31,2,3,5.71,Placed
47,60,25,36,83,2,2,9.63,Placed
58,53,98,53,86,2,3,9.46,Placed
60,82,39,91,76,0,1,5.74,Placed
54,43,24,80,53,1,3,7.18,Placed
97,83,25,76,65,5,3,7.29,Placed
47,38,35,64,31,1,2,5.9,Placed
50,85,54,92,94,1,0,7.63,Placed
76,43,73,29,51,3,0,9.44,Placed
41,56,35,70,67,4,0,9.18,Placed
49,23,30,78,81,3,2,7.97,Placed
40,62,25,99,77,2,1,6.06,Placed
43,56,61,27,29,4,3,5.46,Placed
56,42,50,71,31,0,1,5.81,Placed
89,71,56,39,35,2,3,9.01,Placed
87,59,97,36,65,5,0,9.16,Placed
72,45,82,77,69,3,2,7.82,Placed
67,31,74,67,98,1,3,8.15,Placed
45,25,85,63,79,5,1,8.24,Placed
85,39,83,87,100,5,0,6.45,Placed
67,30,81,58,39,1,2,9.21,Placed
73,74,57,92,26,4,0,9.59,Placed
72,33,85,74,72,0,3,8.3,Placed
76,52,65,52,94,0,0,5.57,Placed
82,79,42,43,70,0,0,7.08,Placed
85,58,60,95,78,5,3,8.12,Placed
56,63,43,47,43,0,2,9.36,Placed
46,75,88,22,20,3,0,5.07,Placed
81,81,78,71,97,5,3,6.51,Placed
92,98,66,70,58,0,1,5.68,Placed
52,34,22,44,23,1,3,8.24,Placed
81,50,75,100,88,1,0,6.5,Placed
69,38,80,74,22,0,1,9.51,Placed
87,76,82,80,22,3,1,6.01,Placed
76,70,26,62,21,0,3,9.9,Placed
94,83,94,96,90,2,0,7.44,Placed
71,85,95,98,82,1,0,7.64,Placed
67,93,60,90,28,2,3,9.45,Placed
47,83,99,64,77,5,3,5.1,Placed
58,44,80,64,76,1,1,7.94,Placed
83,63,97,79,36,2,3,9.8,Placed
93,66,80,40,99,1,2,8.45,Placed
45,81,36,42,45,1,3,5.5,Placed
66,83,58,50,46,4,0,10.0,Placed
62,53,65,40,42,4,0,9.03,Placed
61,75,34,99,49,0,1,7.43,Placed
61,65,25,91,54,1,0,8.53,Placed
99,76,78,34,33,4,0,9.12,Placed
42,84,33,41,100,0,1,9.55,Placed
50,57,76,84,83,5,0,5.77,Placed
63,62,37,35,45,3,3,8.85,Placed
40,51,80,63,56,4,1,5.43,Placed
63,73,66,100,51,1,3,8.94,Placed
48,74,72,72,78,4,2,9.72,Placed
68,38,21,86,28,0,2,6.57,Placed
89,41,75,27,70,0,1,9.51,Placed
43,100,86,57,73,3,2,8.61,Placed
60,64,21,55,87,4,1,8.5,Placed
68,46,89,99,99,5,3,8.49,Placed
96,71,45,58,30,0,2,6.95,Placed
86,36,86,89,56,1,0,7.56,Placed
59,86,63,40,22,0,2,6.21,Placed
89,58,74,84,34,5,0,9.21,Placed
56,100,84,65,35,0,0,7.24,Placed
76,20,78,63,50,5,1,6.75,Placed
58,93,37,68,86,5,1,5.53,Placed
73,94,44,66,78,0,1,8.56,Placed
93,72,30,31,27,3,1,7.38,Placed
68,29,67,87,71,4,3,9.36,Placed
77,83,74,76,82,5,3,9.12,Placed
49,84,36,82,78,1,0,8.47,Placed
69,80,24,40,91,2,0,8.01,Placed
66,34,35,67,93,2,0,7.61,Placed
47,67,59,67,58,2,3,5.14,Placed
49,38,95,73,26,2,2,6.08,Placed
92,82,20,35,90,2,0,9.35,Placed
66,81,93,59,92,3,2,8.91,Placed
70,97,36,37,84,5,3,8.81,Placed
82,77,39,61,31,4,3,6.94,Placed
97,70,63,89,25,5,3,8.68,Placed
81,31,41,23,93,5,2,7.81,Placed
47,91,30,44,99,4,0,9.79,Placed
73,44,80,84,22,0,1,9.81,Placed
57,46,51,94,76,0,2,7.01,Placed
42,82,22,63,75,1,3,5.12,Placed
73,60,68,52,31,0,0,7.71,Placed
58,38,43,52,31,1,2,9.76,Placed
83,41,27,98,61,1,0,8.57,Placed
59,69,32,60,38,3,2,6.29,Placed
100,35,26,45,50,4,1,7.46,Placed
88,84,69,34,54,0,2,7.32,Placed
66,28,81,23,72,5,1,9.57,Placed
41,54,90,95,32,1,1,6.52,Placed
66,77,30,84,46,1,2,7.7,Placed
50,51,88,74,91,3,0,5.01,Placed
69,99,57,41,20,0,3,6.37,Placed
56,68,64,100,47,4,2,5.23,Placed
87,88,92,28,58,0,3,8.49,Placed
93,37,91,55,75,1,2,9.42,Placed
100,63,53,77,54,1,2,6.71,Placed
69,96,62,22,37,5,0,8.04,Placed
40,21,42,72,91,5,3,8.81,Placed
74,30,29,88,23,5,3,8.36,Placed
62,68,96,65,69,1,0,5.62,Placed
63,44,76,21,48,5,0,8.79,Placed
83,65,44,31,98,5,2,9.04,Placed
54,49,83,66,24,2,3,9.52,Placed
85,97,46,20,45,5,3,5.55,Placed
57,92,84,83,41,4,1,8.3,Placed
76,97,92,42,28,4,1,8.73,Placed
48,53,92,49,86,5,2,5.96,Placed
83,22,88,98,52,5,3,5.01,Placed
67,26,61,75,72,2,0,8.4,Placed
69,83,66,86,25,5,1,5.23,Placed
98,73,88,77,60,0,3,5.97,Placed
45,93,23,48,74,0,1,5.98,Placed
61,59,28,100,100,0,0,7.4,Placed
91,23,95,100,62,2,1,5.54,Placed
55,63,26,62,86,1,0,8.88,Placed
79,76,32,100,77,4,0,5.43,Placed
43,24,68,60,28,1,0,9.6,Placed
68,27,58,98,100,3,0,5.51,Placed
43,91,26,57,68,3,0,8.09,Placed
66,49,96,99,21,3,3,7.32,Placed
67,99,99,32,63,5,0,7.27,Placed
61,95,44,33,33,0,0,7.96,Placed
93,44,93,36,85,2,2,7.11,Placed
86,99,76,43,51,1,0,5.3,Placed
59,94,75,85,65,2,1,5.74,Placed
59,97,63,57,67,0,1,5.29,Placed
72,91,26,74,64,1,1,8.2,Placed
52,28,63,44,80,5,3,8.0,Placed
61,94,92,62,98,2,3,6.64,Placed
46,78,25,83,48,0,1,8.47,Placed
69,99,47,50,81,5,2,9.04,Placed
64,46,71,43,20,2,0,5.37,Placed
41,91,34,38,57,3,1,8.16,Placed
98,66,25,23,45,1,2,5.87,Placed
96,53,42,63,90,1,1,5.98,Placed
51,53,32,22,37,3,0,6.69,Placed
53,59,78,50,67,2,1,9.71,Placed
91,99,75,28,35,1,1,8.97,Placed
52,88,68,67,60,4,3,9.88,Placed
55,25,98,95,44,4,2,8.95,Placed
60,51,26,100,55,1,3,6.05,Placed
45,80,98,28,41,4,3,8.76,Placed
81,85,67,83,86,3,1,6.61,Placed
63,87,81,83,80,2,3,8.19,Placed
90,94,24,46,48,1,3,9.32,Placed
65,47,59,74,68,4,1,9.68,Placed
63,52,90,30,37,0,2,7.22,Placed
62,49,94,25,79,4,2,7.13,Placed
69,75,72,67,83,2,2,6.91,Placed
51,76,49,53,29,2,0,6.47,Placed
72,85,89,30,55,1,0,5.59,Placed
63,24,89,45,62,1,2,6.25,Placed
87,55,44,97,37,5,2,5.04,Placed
59,56,64,71,71,4,0,7.36,Placed
72,39,70,49,49,5,1,7.37,Placed
73,95,90,79,79,2,0,6.57,Placed
52,74,73,46,76,3,0,6.87,Placed
76,36,59,21,83,5,2,6.7,Placed
66,74,71,88,58,2,0,7.84,Placed
42,37,39,62,92,5,3,9.9,Placed
53,70,28,88,69,1,3,5.54,Placed
76,77,58,31,41,0,1,5.16,Placed
84,97,82,23,43,1,0,9.56,Placed
64,56,46,49,57,5,0,7.27,Placed
63,86,21,41,61,3,3,5.79,Placed
47,36,88,73,81,5,0,6.94,Placed
97,46,36,46,59,3,3,5.79,Placed
76,59,95,45,84,5,3,6.38,Placed
40,38,77,28,71,4,1,7.63,Placed
98,92,82,78,79,4,0,8.69,Placed
58,78,64,58,70,4,1,7.08,Placed
51,99,75,78,69,5,1,8.49,Placed
46,70,25,50,40,2,2,8.33,Placed
44,47,83,72,90,0,2,5.38,Placed
46,84,61,72,77,1,2,6.04,Placed
42,79,23,29,79,3,2,8.73,Placed
94,44,70,24,21,2,0,8.55,Placed
48,61,79,82,79,0,0,7.74,Placed
55,76,37,80,55,1,1,9.19,Placed
78,32,42,57,35,4,3,5.84,Placed
82,21,54,39,76,2,1,6.08,Placed
42,88,47,76,26,5,0,6.95,Placed
59,76,26,96,20,0,3,8.84,Placed
99,51,67,50,45,0,0,7.11,Placed
40,63,44,28,48,0,1,8.62,Placed
42,73,85,33,61,2,1,8.12,Placed
99,89,70,74,35,1,1,5.53,Placed
60,42,21,71,60,0,3,6.06,Placed
54,28,55,99,67,0,0,9.43,Placed
66,58,96,83,33,5,1,6.26,Placed
46,96,61,100,69,5,1,6.66,Placed
80,60,81,28,62,0,3,6.91,Placed
80,49,84,95,21,1,0,8.08,Placed
97,35,59,50,74,1,0,5.3,Placed
63,83,57,45,39,3,1,8.21,Placed
55,96,76,62,37,2,2,8.22,Placed
88,25,86,73,56,0,1,9.23,Placed
61,63,51,46,89,0,1,9.01,Placed
84,48,97,68,86,2,1,7.21,Placed
40,28,82,28,44,0,1,9.69,Placed
48,31,42,95,90,1,1,7.54,Placed
67,79,59,41,45,1,3,5.88,Placed
55,58,56,93,77,5,1,6.36,Placed
90,81,30,66,70,3,1,7.35,Placed
67,84,98,75,39,3,0,8.81,Placed
67,30,58,96,88,1,1,6.29,Placed
69,59,78,56,68,4,3,5.36,Placed
48,80,45,39,44,0,0,9.31,Placed
86,67,82,71,73,3,2,6.92,Placed
59,95,29,72,24,0,3,9.66,Placed
50,44,75,52,64,4,3,8.17,Placed
63,27,69,74,51,1,3,5.17,Placed
92,66,100,23,38,2,3,9.72,Placed
49,52,51,97,94,5,1,5.06,Placed
89,31,69,70,95,0,1,9.38,Placed
50,74,52,58,84,4,3,7.93,Placed
86,72,31,33,93,2,1,6.35,Placed
53,70,59,20,41,3,0,5.48,Placed
89,73,87,73,56,5,3,5.85,Placed
63,43,37,45,82,1,0,7.25,Placed
92,47,43,45,27,5,1,9.05,Placed
52,53,72,76,100,4,0,9.34,Placed
50,30,57,30,68,0,2,5.32,Placed
41,94,50,81,82,5,0,5.05,Placed
57,20,94,25,32,1,0,6.88,Placed
73,54,82,80,63,4,3,6.68,Placed
83,63,60,50,66,5,3,6.89,Placed
43,65,62,32,20,3,3,8.63,Placed
96,37,23,97,35,4,2,9.76,Placed
88,51,67,77,99,5,3,7.57,Placed
82,44,20,61,22,5,2,9.37,Placed
91,61,76,49,97,3,3,8.7,Placed
90,30,64,74,80,5,0,8.67,Placed
58,97,44,38,86,4,0,5.64,Placed
90,31,58,90,79,1,3,9.78,Placed
70,89,50,51,47,1,0,5.53,Placed
85,23,40,61,69,2,1,8.6,Placed
82,80,35,37,88,5,3,5.45,Placed
84,62,48,93,96,0,2,6.89,Placed
85,68,91,75,49,1,2,5.58,Placed
45,34,31,63,95,1,0,7.86,Placed
48,60,68,93,20,2,0,7.95,Placed
52,69,74,60,66,5,1,7.6,Placed
78,95,48,33,70,0,3,6.58,Placed
92,57,48,83,78,1,2,5.73,Placed
82,24,96,60,59,4,0,6.37,Placed
94,93,81,100,47,3,2,8.52,Placed
64,27,62,39,46,5,1,8.5,Placed
43,42,82,70,58,5,1,9.96,Placed
75,70,63,74,80,2,3,6.96,Placed
73,56,56,44,90,3,0,5.65,Placed
88,94,26,58,78,5,1,7.89,Placed
68,81,57,38,46,1,1,8.68,Placed
40,66,93,33,38,3,3,8.4,Placed
50,27,32,65,80,1,0,5.59,Placed
72,63,95,75,39,5,3,6.23,Placed
47,50,70,82,58,5,1,8.26,Placed
64,31,79,68,55,5,3,6.84,Placed
47,34,30,35,82,5,1,5.12,Placed
76,93,81,55,32,4,1,6.92,Placed
81,75,58,93,36,0,2,5.32,Placed
98,88,43,71,22,3,3,5.32,Placed
93,94,88,35,46,5,0,5.9,Placed
78,43,20,91,77,2,0,5.2,Placed
76,46,40,31,91,2,0,5.42,Placed
47,84,58,66,89,1,3,9.89,Placed
82,20,51,58,25,4,2,8.3,Placed
68,37,93,82,60,4,2,8.03,Placed
72,46,32,25,50,0,1,5.71,Placed
94,47,37,97,90,1,2,6.39,Placed
86,99,74,29,90,2,2,6.91,Placed
97,40,71,78,30,2,3,9.7,Placed
49,88,46,29,100,5,2,9.98,Placed
84,44,67,92,85,4,1,7.1,Placed
49,60,75,68,23,4,1,5.39,Placed
47,88,34,90,72,0,2,8.2,Placed
63,62,54,38,48,2,0,5.49,Placed
54,68,33,35,42,4,2,7.94,Placed
91,82,32,87,64,5,2,7.76,Placed
78,32,26,41,60,3,1,6.73,Placed
87,88,90,96,71,3,1,6.3,Placed
83,85,39,36,38,3,2,5.26,Placed
86,67,51,97,73,5,3,5.92,Placed
62,79,84,56,55,3,1,6.53,Placed
94,31,59,72,60,0,0,5.38,Placed
55,31,41,93,27,0,2,7.77,Placed
71,21,74,85,37,3,3,7.58,Placed
83,88,35,71,21,4,1,9.55,Placed
87,20,74,88,64,1,0,8.04,Placed
50,87,48,42,29,2,1,7.57,Placed
100,26,74,83,68,1,2,9.85,Placed
61,51,89,35,57,2,3,6.47,Placed
53,20,100,92,70,1,2,9.65,Placed
81,85,24,79,99,3,0,6.78,Placed
79,78,62,58,65,0,0,6.75,Placed
86,43,71,65,21,0,3,7.46,Placed
45,87,85,39,72,0,3,5.03,Placed
89,52,48,80,70,2,2,6.82,Placed
97,43,88,54,33,3,3,5.81,Placed
62,75,20,65,45,0,1,6.42,Placed
48,70,73,62,24,1,1,9.74,Placed
82,54,35,73,82,4,3,9.0,Placed
85,36,61,71,84,5,3,5.66,Placed
46,22,36,39,64,4,0,8.84,Placed
55,26,63,74,96,5,0,7.17,Placed
58,56,82,30,74,1,1,8.65,Placed
51,51,55,34,53,5,1,8.33,Placed
67,45,80,33,84,4,1,5.94,Placed
94,95,100,39,49,0,1,7.01,Placed
57,44,38,74,22,4,1,5.45,Placed
43,68,72,87,59,5,1,6.11,Placed
67,81,27,85,74,5,0,6.52,Placed
57,66,55,64,73,1,2,9.48,Placed
51,25,20,26,61,1,2,7.36,Placed
98,97,32,75,43,2,3,6.82,Placed
59,34,32,21,90,1,2,6.8,Placed
91,66,95,87,97,2,1,8.25,Placed
53,94,69,31,33,1,0,5.21,Placed
98,44,44,77,32,0,2,6.51,Placed
70,45,88,39,25,1,1,7.09,Placed
85,52,91,64,66,3,0,9.55,Placed
44,81,73,87,84,0,1,8.0,Placed
84,36,57,25,92,0,1,8.7,Placed
65,83,88,85,29,1,3,8.75,Placed
64,91,69,71,97,2,1,5.92,Placed
50,93,47,95,21,4,3,7.52,Placed
86,87,53,58,48,2,2,7.76,Placed
50,48,25,88,50,2,0,8.2,Placed
100,55,37,54,26,5,1,9.95,Placed
53,88,34,20,64,5,2,6.62,Placed
100,90,53,37,72,4,2,6.62,Placed
43,100,21,65,48,5,2,5.88,Placed
41,88,94,33,68,5,2,9.35,Placed
80,97,90,46,76,1,2,6.34,Placed
77,100,70,39,77,1,3,6.84,Placed
97,81,31,83,43,3,1,9.08,Placed
51,44,92,82,43,5,2,5.11,Placed
50,42,70,97,44,0,1,5.36,Placed
55,78,71,32,87,1,0,8.02,Placed
64,69,22,34,21,5,0,5.66,Placed
89,30,54,38,100,4,0,8.96,Placed
40,33,89,63,30,1,1,7.4,Placed
76,76,40,59,62,3,1,6.22,Placed
74,54,100,89,35,0,0,5.51,Placed
58,33,85,73,38,0,1,5.12,Placed
67,69,38,65,56,1,3,8.43,Placed
85,34,82,41,34,1,0,9.78,Placed
58,65,29,98,62,0,2,9.62,Placed
98,30,25,97,39,1,3,7.65,Placed
78,43,74,39,58,4,2,6.74,Placed
46,54,83,67,53,5,0,8.94,Placed
95,39,38,60,38,3,3,8.61,Placed
90,81,28,34,93,3,2,5.72,Placed
60,36,43,69,65,2,3,7.12,Placed
84,72,97,62,37,5,1,6.92,Placed
75,83,88,88,83,4,1,6.92,Placed
77,73,87,93,48,5,0,6.18,Placed
40,46,22,66,91,3,1,9.6,Placed
43,64,66,37,57,3,1,9.18,Placed
75,73,51,46,48,0,1,5.59,Placed
84,38,68,23,74,2,0,8.51,Placed
82,94,29,81,96,1,0,5.73,Placed
49,30,51,29,21,4,3,5.75,Placed
51,80,37,87,58,3,3,8.61,Placed
68,21,56,34,39,0,0,8.02,Placed
51,84,40,21,70,3,3,7.77,Placed
93,53,93,84,59,5,1,7.12,Placed
50,54,31,86,68,1,1,7.0,Placed
43,48,70,43,91,4,0,9.08,Placed
69,81,60,71,68,1,0,9.02,Placed
81,74,44,54,33,0,0,6.81,Placed
89,62,23,50,56,1,0,5.33,Placed
78,21,59,44,90,1,0,6.2,Placed
45,92,92,25,92,3,0,5.24,Placed
45,59,21,65,56,3,1,6.57,Placed
65,65,36,32,62,3,0,7.51,Placed
89,39,23,95,68,3,0,6.45,Placed
49,79,30,100,31,5,1,9.42,Placed
91,38,40,84,86,5,2,7.24,Placed
48,63,57,66,99,3,0,9.45,Placed
89,69,50,46,98,4,0,9.79,Placed
76,100,83,32,21,1,2,7.74,Placed
91,31,83,32,78,2,1,9.67,Placed
50,28,55,93,66,2,0,5.36,Placed
85,78,53,80,52,3,1,9.7,Placed
76,82,25,66,56,3,3,9.29,Placed
98,36,76,66,85,4,2,6.87,Placed
83,72,84,77,53,5,0,8.1,Placed
81,27,51,91,21,1,0,6.45,Placed
50,92,71,29,48,3,3,8.35,Placed
62,79,79,88,79,0,0,5.9,Placed
46,70,75,45,71,2,0,6.59,Placed
78,82,47,80,34,2,3,5.19,Placed
49,80,38,47,60,4,0,9.94,Placed
89,68,27,66,75,3,1,5.27,Placed
95,22,74,54,52,5,1,5.42,Placed
44,55,71,30,58,5,3,9.36,Placed
73,47,53,43,26,0,3,6.71,Placed
88,58,41,45,64,3,3,7.38,Placed
84,40,75,65,93,3,0,7.8,Placed
97,96,45,29,94,4,1,6.62,Placed
92,60,21,39,78,1,3,9.32,Placed
47,72,53,86,20,3,1,8.17,Placed
80,94,32,24,47,5,1,7.1,Placed
74,41,96,68,47,2,1,9.76,Placed
83,93,21,67,66,0,2,9.48,Placed
72,35,83,78,72,3,2,6.76,Placed
74,74,86,62,34,1,3,7.14,Placed
51,90,96,40,89,3,3,6.43,Placed
82,75,56,99,32,0,0,5.45,Placed
41,98,72,33,83,5,0,8.17,Placed
72,94,24,57,73,1,1,8.88,Placed
75,68,34,45,80,0,2,9.84,Placed
98,79,72,70,20,2,1,7.54,Placed
57,53,59,73,50,0,3,5.16,Placed
41,39,67,86,96,2,2,5.85,Placed
76,75,50,91,70,1,3,9.14,Placed
91,93,74,36,69,5,1,7.02,Placed
60,86,40,75,49,0,1,7.52,Placed
80,93,70,100,53,4,1,9.74,Placed
53,31,31,23,75,0,1,5.14,Not Placed
85,89,30,93,68,0,1,9.92,Placed
80,100,65,43,50,5,1,6.48,Placed
74,51,68,53,26,2,0,9.67,Placed
80,22,94,33,34,3,0,5.54,Placed
58,53,43,31,29,3,2,9.56,Placed
53,70,32,82,22,3,0,7.43,Placed
80,29,46,73,68,2,3,9.04,Placed
51,58,21,42,92,5,0,5.59,Placed
61,64,81,98,96,4,0,5.79,Placed
87,52,35,44,97,0,0,7.59,Placed
88,39,47,66,34,1,0,6.64,Placed
54,30,36,54,55,3,1,9.77,Placed
62,90,57,79,83,3,3,9.61,Placed
56,42,45,55,70,0,2,5.83,Placed
53,82,75,77,74,4,2,9.08,Placed
79,33,97,69,74,1,2,6.87,Placed
80,28,77,41,24,4,2,7.93,Placed
58,97,87,65,70,0,0,5.9,Placed
60,74,43,65,51,0,1,8.28,Placed
63,38,60,35,21,2,0,8.58,Placed
53,79,92,61,49,4,0,6.93,Placed
78,47,87,47,33,4,2,8.58,Placed
100,29,93,73,75,2,2,5.99,Placed
43,83,83,25,55,3,0,5.62,Placed
50,96,61,95,69,1,0,6.43,Placed
81,93,20,79,56,1,3,5.19,Placed
74,87,25,63,22,0,3,5.48,Placed
91,73,58,55,60,2,3,5.4,Placed
89,60,83,98,26,3,2,8.48,Placed
69,83,35,67,99,0,0,6.12,Placed
92,21,37,33,61,5,3,6.13,Placed
45,44,67,88,20,5,0,6.3,Placed
90,25,34,26,58,0,2,6.65,Placed
79,68,54,41,37,4,3,5.6,Placed
60,38,94,72,77,5,0,7.61,Placed
55,93,81,82,55,2,3,6.13,Placed
56,57,30,65,91,1,1,8.47,Placed
44,83,27,47,21,5,1,7.34,Placed
64,44,82,33,63,1,2,8.8,Placed
59,78,39,84,33,1,1,9.58,Placed
64,77,99,85,45,3,1,5.34,Placed
67,41,59,93,33,1,3,9.38,Placed
87,34,50,22,78,1,2,5.14,Placed
82,87,77,65,53,0,0,6.77,Placed
53,39,70,84,75,4,2,5.27,Placed
57,67,32,26,68,5,3,5.97,Placed
52,71,42,96,55,4,3,7.59,Placed
46,26,51,34,48,0,0,9.48,Placed
76,54,50,28,88,0,2,6.13,Placed
79,71,70,70,32,1,2,7.48,Placed
50,46,64,56,96,2,0,5.47,Placed
72,99,81,59,50,1,2,8.41,Placed
50,43,62,78,38,0,3,7.14,Placed
41,42,53,29,41,5,0,7.97,Placed
70,94,20,82,51,3,0,5.23,Placed
41,92,57,49,87,4,1,8.77,Placed
89,32,32,58,62,3,3,8.67,Placed
74,52,82,52,66,3,0,9.14,Placed
59,62,86,96,81,0,2,8.43,Placed
86,22,38,72,48,5,1,6.79,Placed
41,51,93,75,66,1,0,5.97,Placed
64,33,55,100,89,3,1,6.33,Placed
83,64,62,70,95,3,2,6.55,Placed
42,94,86,63,98,0,3,8.98,Placed
76,64,56,34,21,3,1,7.33,Placed
49,86,57,99,91,5,1,6.52,Placed
58,28,57,21,78,0,1,6.42,Placed
77,35,26,82,59,0,3,6.76,Placed
93,20,26,52,37,2,2,8.93,Placed
72,91,39,31,54,1,1,7.16,Placed
98,30,57,48,24,3,2,6.24,Placed
83,69,74,71,32,2,2,7.99,Placed
51,92,75,61,94,1,1,6.25,Placed
66,90,45,58,59,0,2,7.83,Placed
80,79,89,43,68,3,0,5.69,Placed
68,60,84,65,79,2,3,7.33,Placed
66,79,23,91,23,3,0,8.78,Placed
79,58,51,94,85,2,1,8.1,Placed
97,92,57,26,70,1,3,8.35,Placed
69,86,78,26,30,0,2,9.15,Placed
81,33,62,96,32,2,3,8.45,Placed
95,27,35,94,85,5,0,8.51,Placed
73,38,91,83,37,1,1,6.5,Placed
59,20,82,99,45,0,0,5.0,Placed
78,35,86,32,51,1,0,7.37,Placed
93,84,76,70,27,0,2,7.02,Placed
51,50,89,53,98,5,3,9.3,Placed
79,35,75,38,22,1,1,9.09,Placed
82,50,41,85,89,1,3,7.4,Placed
58,32,95,83,67,5,2,6.96,Placed
84,33,79,73,74,1,0,6.42,Placed
47,92,69,21,94,2,0,8.23,Placed
97,99,76,25,65,1,3,9.41,Placed
69,55,21,40,65,4,1,6.74,Placed
85,87,69,85,28,1,1,6.76,Placed
86,92,63,78,37,2,2,9.62,Placed
44,81,68,80,97,5,1,7.88,Placed
99,84,87,53,36,5,2,7.94,Placed
77,64,94,99,71,0,0,5.15,Placed
86,40,49,32,33,3,3,6.62,Placed
54,50,33,42,69,3,0,5.31,Placed
56,34,24,29,76,2,0,9.62,Placed
60,33,77,68,37,5,1,5.98,Placed
71,76,56,48,45,5,1,7.17,Placed
73,44,31,94,23,5,0,6.02,Placed
91,37,20,66,72,4,0,6.7,Placed
83,87,83,44,46,4,3,7.5,Placed
62,99,91,37,28,3,3,8.13,Placed
95,29,92,30,36,4,2,5.5,Placed
71,49,26,96,89,2,0,6.12,Placed
100,57,52,69,65,0,1,9.84,Placed
44,88,93,50,86,4,2,7.0,Placed
43,89,34,94,80,2,0,5.16,Placed
66,53,45,62,27,1,1,7.74,Placed
86,62,27,50,83,0,0,6.73,Placed
44,73,96,98,30,4,3,9.73,Placed
57,25,33,24,83,4,1,8.25,Placed
67,81,58,49,22,0,0,8.87,Placed
91,45,88,97,68,5,0,7.76,Placed
43,69,68,36,75,5,3,7.75,Placed
47,76,35,98,67,2,1,6.72,Placed
98,27,50,49,31,4,0,6.14,Placed
87,88,92,25,21,5,1,9.06,Placed
44,27,36,76,43,2,0,6.57,Placed
78,51,57,36,97,3,3,8.29,Placed
82,29,29,52,89,1,3,8.53,Placed
92,65,48,76,58,2,2,9.34,Placed
55,87,54,60,89,4,0,5.27,Placed
97,72,99,82,55,0,1,9.56,Placed
93,86,49,59,90,1,0,6.86,Placed
92,38,24,50,76,5,3,9.77,Placed
41,83,24,54,55,4,3,6.5,Placed
45,27,55,98,69,3,0,9.31,Placed
64,76,25,48,46,3,1,8.3,Placed
74,26,59,24,89,2,0,9.55,Placed
88,63,53,95,47,0,2,8.63,Placed
79,75,74,27,33,4,3,9.76,Placed
99,56,88,79,74,4,2,5.81,Placed
64,79,50,36,21,2,2,5.43,Placed
55,89,57,63,93,3,0,8.08,Placed
63,54,52,97,21,0,2,7.84,Placed
60,53,42,76,79,0,3,5.04,Placed
42,65,81,91,47,3,0,7.9,Placed
45,55,98,90,60,0,3,5.9,Placed
89,55,53,83,36,1,1,5.73,Placed
79,26,49,34,24,1,3,7.9,Placed
42,90,49,27,53,2,0,8.39,Placed
94,65,89,25,96,1,2,5.55,Placed
72,76,34,85,29,1,1,6.63,Placed
63,73,29,74,56,1,0,6.63,Placed
90,66,62,72,67,3,2,8.11,Placed
50,67,25,57,39,4,0,5.53,Placed
53,60,85,85,94,5,2,9.7,Placed
64,94,24,39,68,5,0,9.78,Placed
99,48,92,84,93,5,3,7.69,Placed
47,87,26,97,80,5,3,6.58,Placed
52,93,57,51,62,1,2,6.15,Placed
60,34,50,76,72,2,0,6.76,Placed
72,29,66,81,97,1,3,8.93,Placed
54,92,36,88,51,3,1,8.03,Placed
90,56,63,60,35,0,3,7.11,Placed
49,93,83,100,45,1,3,5.08,Placed
47,73,53,90,80,5,0,5.63,Placed
42,75,23,41,29,1,3,9.52,Placed
62,36,71,91,50,5,2,5.6,Placed
97,63,95,97,98,0,0,5.37,Placed
98,65,77,72,100,3,3,6.45,Placed
70,37,43,95,85,0,1,9.48,Placed
77,95,67,78,68,2,3,5.88,Placed
86,95,55,32,49,2,3,6.71,Placed
76,86,87,94,85,3,2,6.61,Placed
60,42,38,25,46,3,2,7.88,Placed
79,60,32,64,56,1,0,6.44,Placed
71,76,48,41,56,2,0,9.62,Placed
82,55,38,32,46,4,1,5.14,Placed
97,25,89,88,44,0,3,9.16,Placed
41,67,46,56,93,3,3,7.6,Placed
93,78,57,34,35,3,3,7.47,Placed
45,37,55,34,65,0,1,8.64,Placed
60,40,84,62,55,3,0,8.53,Placed
60,24,75,32,86,2,1,9.21,Placed
82,100,24,100,21,1,1,7.93,Placed
95,48,45,53,80,1,3,9.07,Placed
86,83,56,36,45,5,0,9.75,Placed
94,47,20,75,28,3,1,8.55,Placed
42,73,53,98,68,5,1,8.19,Placed
70,87,43,58,49,2,3,7.45,Placed
80,70,96,65,89,3,2,5.48,Placed
47,56,73,77,61,1,3,5.58,Placed
69,60,34,64,70,5,1,8.87,Placed
70,82,96,72,50,0,2,6.34,Placed
53,72,27,91,61,2,2,7.06,Placed
91,76,74,71,53,0,2,7.43,Placed
54,63,25,59,77,3,1,7.86,Placed
50,88,46,100,34,4,2,5.65,Placed
74,22,22,68,31,5,2,9.56,Placed
89,90,28,26,86,1,2,7.68,Placed
50,88,70,49,57,1,2,6.66,Placed
53,90,51,21,24,0,0,7.51,Placed
90,82,25,40,56,2,0,6.15,Placed
89,51,24,54,35,3,3,5.66,Placed
87,54,30,29,29,4,3,5.1,Placed
87,89,97,39,32,5,3,5.97,Placed
78,59,61,74,85,5,0,6.51,Placed
69,45,32,53,93,3,3,6.46,Placed
45,48,72,91,55,3,2,9.54,Placed
74,84,51,68,22,3,3,9.76,Placed
88,89,33,77,48,4,0,6.99,Placed
54,77,67,81,92,0,2,6.66,Placed
91,100,30,32,91,1,1,9.32,Placed
71,95,51,30,38,3,3,7.62,Placed
93,92,49,27,83,2,3,6.56,Placed
61,39,24,61,92,4,3,9.36,Placed
57,46,91,82,89,3,2,9.8,Placed
55,61,79,81,85,4,0,9.61,Placed
67,29,68,36,21,1,0,5.83,Placed
68,34,24,74,83,1,3,5.7,Placed
95,90,73,71,21,2,0,7.18,Placed
58,54,86,61,98,2,1,5.71,Placed
73,46,98,67,86,4,2,7.36,Placed
53,62,37,41,87,5,3,5.05,Placed
66,42,39,80,28,0,2,8.51,Placed
52,32,88,78,62,0,0,8.12,Placed
78,40,28,64,91,1,2,8.14,Placed
99,44,55,56,74,4,2,6.84,Placed
89,71,52,91,89,5,1,5.39,Placed
49,33,47,55,42,2,0,5.63,Placed
73,95,69,62,93,4,2,9.83,Placed
87,98,80,46,41,0,1,9.95,Placed
45,98,38,38,41,3,0,6.62,Placed
97,26,37,85,76,3,3,6.64,Placed
72,35,50,91,70,3,3,8.53,Placed
62,59,86,60,87,0,1,9.78,Placed
100,55,38,75,91,3,3,8.48,Placed
56,35,91,75,64,1,0,9.33,Placed
94,79,64,74,47,4,1,6.91,Placed
51,21,45,76,66,4,1,5.03,Placed
59,62,32,67,52,4,0,8.03,Placed
42,55,81,70,25,5,2,6.37,Placed
43,93,23,80,97,5,3,7.45,Placed
70,89,33,24,67,0,1,8.53,Placed
51,36,30,73,35,0,3,8.19,Placed
43,60,32,89,55,1,0,6.66,Placed
83,60,41,95,66,4,0,9.7,Placed
65,73,27,28,44,4,1,8.64,Placed
45,42,76,25,55,4,1,8.44,Placed
66,42,20,59,55,4,2,5.59,Placed
69,92,31,92,79,0,0,9.59,Placed
51,31,43,60,95,5,0,8.83,Placed
90,21,47,67,78,0,1,6.54,Placed
83,44,36,59,26,3,2,5.89,Placed
48,92,60,72,48,1,2,9.42,Placed
51,57,53,76,53,0,3,6.78,Placed
63,64,86,77,100,5,1,5.18,Placed
93,94,69,39,88,4,1,9.97,Placed
67,64,56,46,63,5,2,5.45,Placed
89,46,53,47,79,2,0,9.61,Placed
73,100,43,80,37,3,2,6.86,Placed
64,95,24,61,33,5,2,9.35,Placed
40,40,73,80,62,2,0,5.94,Placed
62,59,40,79,89,1,0,7.2,Placed
79,78,95,93,75,5,3,7.37,Placed
55,52,67,96,63,3,3,6.5,Placed
99,49,84,33,73,3,2,9.77,Placed
65,95,23,40,85,1,2,9.43,Placed
84,87,45,92,37,1,2,8.94,Placed
43,31,59,38,64,3,3,5.83,Placed
40,38,45,42,58,2,0,5.92,Placed
94,46,75,31,51,1,2,5.02,Placed
50,64,32,80,90,5,3,8.49,Placed
98,80,68,79,51,0,3,5.64,Placed
88,37,71,61,56,5,3,7.98,Placed
74,29,64,82,95,0,1,9.43,Placed
51,50,67,66,63,4,0,8.05,Placed
88,70,29,49,37,3,1,5.22,Placed
59,75,31,63,69,5,1,7.13,Placed
58,59,69,81,24,2,3,5.9,Placed
65,86,33,79,30,2,0,8.28,Placed
65,21,40,60,36,4,3,8.43,Placed
40,82,71,74,26,2,3,6.29,Placed
80,34,97,77,84,2,3,8.56,Placed
94,88,66,34,42,3,3,9.35,Placed
45,39,20,63,95,2,1,7.57,Placed
79,78,75,26,79,2,0,5.61,Placed
71,78,66,26,96,5,2,6.26,Placed
61,57,23,89,54,1,2,6.78,Placed
41,77,61,58,24,4,0,6.79,Placed
42,88,70,51,42,0,0,5.63,Placed
49,83,75,55,64,3,1,9.59,Placed
97,87,92,78,25,0,2,6.86,Placed
49,97,32,68,85,5,0,6.69,Placed
80,58,74,71,22,1,2,8.61,Placed
87,30,75,34,44,4,2,9.97,Placed
79,85,89,51,26,2,3,6.08,Placed
99,75,55,43,55,4,0,8.02,Placed
98,43,56,54,20,3,1,5.09,Placed
66,36,55,54,79,4,2,5.49,Placed
54,22,61,48,28,4,2,8.64,Placed
78,78,95,73,96,2,3,7.38,Placed
75,21,63,63,60,2,3,5.76,Placed
94,83,46,88,41,5,3,6.28,Placed
42,93,30,100,82,4,2,5.42,Placed
87,87,67,58,57,2,3,8.37,Placed
41,39,99,94,41,4,2,7.82,Placed
66,22,56,91,82,1,3,9.61,Placed
48,68,97,35,32,3,1,6.06,Placed
47,93,57,42,40,5,3,7.75,Placed
62,47,73,96,55,2,2,8.15,Placed
82,60,84,88,88,3,1,9.3,Placed
71,79,56,77,40,1,3,6.44,Placed
74,62,79,42,32,3,3,9.87,Placed
66,44,23,99,48,1,0,8.0,Placed
86,72,22,61,98,1,1,7.85,Placed
70,31,67,22,96,5,3,7.76,Placed
95,44,40,78,67,5,1,5.88,Placed
99,45,61,36,57,0,0,6.04,Placed
69,78,51,97,76,1,1,9.86,Placed
72,34,97,62,40,1,3,8.61,Placed
44,20,24,72,86,3,3,5.35,Placed
66,53,88,35,97,5,0,7.19,Placed
92,27,57,70,25,2,3,8.58,Placed
72,100,76,74,35,0,1,9.24,Placed
88,94,34,41,66,3,2,5.71,Placed
55,81,46,53,32,2,0,7.29,Placed
85,82,51,53,63,2,3,6.65,Placed
68,53,92,55,96,0,1,5.74,Placed
58,23,48,67,92,2,2,6.53,Placed
85,40,92,59,80,5,3,8.37,Placed
49,36,38,97,57,3,2,8.18,Placed
41,47,94,58,38,4,0,6.3,Placed
86,85,86,71,81,4,1,9.86,Placed
81,39,95,84,60,4,2,6.89,Placed
99,82,41,87,81,1,3,9.49,Placed
40,28,63,48,59,1,1,5.75,Placed
78,35,45,65,83,3,0,9.2,Placed
94,87,49,45,66,5,0,6.99,Placed
46,62,84,28,54,4,0,9.85,Placed
43,77,92,86,51,1,2,8.99,Placed
51,51,49,78,42,0,2,7.76,Placed
45,44,28,36,86,2,0,6.04,Placed
55,94,94,81,79,0,0,6.59,Placed
80,29,45,81,34,3,0,7.38,Placed
46,89,95,47,96,3,2,7.85,Placed
77,75,34,76,44,4,3,9.96,Placed
56,72,96,54,83,5,1,6.64,Placed
70,85,56,58,53,4,1,6.71,Placed
83,91,84,59,100,3,0,9.89,Placed
100,43,82,20,60,4,3,7.48,Placed
51,28,75,58,32,3,2,8.19,Placed
74,43,44,33,49,1,2,7.51,Placed
60,87,80,33,58,4,1,7.86,Placed
49,61,40,44,70,1,1,8.05,Placed
50,61,86,80,96,3,2,6.14,Placed
56,80,58,67,38,2,2,8.63,Placed
93,60,77,59,74,4,3,8.81,Placed
40,71,27,72,65,5,1,9.87,Placed
89,55,22,45,46,5,2,6.47,Placed
63,23,61,74,68,2,1,8.99,Placed
79,84,76,55,33,0,1,5.8,Placed
86,81,95,80,25,5,3,8.44,Placed
98,82,51,55,97,4,3,5.3,Placed
43,63,55,88,67,3,2,5.56,Placed
48,29,61,72,39,1,2,7.87,Placed
75,31,76,51,61,4,2,7.78,Placed
92,57,22,37,28,5,2,9.79,Placed
63,77,47,43,61,3,1,7.3,Placed
61,45,53,52,97,5,0,5.7,Placed
81,72,74,70,82,0,0,9.56,Placed
72,67,22,92,75,0,2,8.95,Placed
71,56,93,62,28,5,0,7.83,Placed
75,34,88,40,85,0,3,8.05,Placed
52,29,75,55,79,3,1,8.25,Placed
44,43,93,63,78,4,3,9.45,Placed
65,93,57,20,99,3,0,5.04,Placed
60,74,39,53,48,4,2,7.66,Placed
81,45,93,65,93,1,1,8.86,Placed
53,59,43,32,23,4,0,8.9,Placed
74,64,28,61,60,1,1,6.01,Placed
50,74,54,49,47,2,0,5.69,Placed
97,76,35,68,23,3,1,6.9,Placed
68,76,71,45,46,3,0,5.46,Placed
51,84,94,86,35,1,1,5.6,Placed
71,97,65,60,73,1,1,9.93,Placed
91,84,66,81,52,4,0,9.72,Placed
41,20,68,73,71,0,2,6.8,Placed
59,28,75,58,49,5,0,8.25,Placed
91,69,80,22,55,5,2,5.23,Placed
94,51,42,92,21,1,1,5.7,Placed
70,24,27,96,46,5,2,6.86,Placed
66,40,73,42,42,4,1,8.71,Placed
91,43,66,34,40,0,3,6.02,Placed
65,100,67,53,99,2,0,8.92,Placed
61,23,80,24,38,3,0,7.7,Placed
88,96,87,41,40,0,0,6.74,Placed
54,31,73,28,34,3,3,9.92,Placed
94,88,76,37,97,5,0,6.56,Placed
70,52,36,61,89,2,0,7.39,Placed
87,93,45,36,48,4,1,9.03,Placed
49,48,30,32,71,2,0,6.25,Placed
56,43,58,62,79,5,2,8.8,Placed
48,61,74,67,38,4,0,8.74,Placed
91,69,100,26,45,1,0,5.71,Placed
42,50,40,70,61,0,3,7.42,Placed
62,44,100,93,71,3,1,7.27,Placed
56,89,76,35,55,5,2,6.69,Placed
97,43,52,63,82,4,3,8.32,Placed
82,63,86,53,28,2,3,8.21,Placed
74,36,32,49,78,0,0,7.75,Placed
58,36,64,59,77,3,0,9.83,Placed
72,43,70,85,44,1,1,8.88,Placed
52,65,87,96,39,4,0,9.0,Placed
63,89,49,87,41,2,1,5.5,Placed
50,99,48,39,89,4,3,9.29,Placed
57,26,71,57,69,4,3,9.47,Placed
69,61,37,58,20,0,2,8.54,Placed
82,59,46,98,96,0,0,8.78,Placed
48,38,81,40,51,3,1,8.23,Placed
65,95,44,51,64,0,1,9.82,Placed
57,37,71,35,94,5,1,6.03,Placed
49,55,61,21,35,4,2,7.62,Placed
89,100,96,80,49,5,3,6.49,Placed
47,89,98,78,39,0,2,9.38,Placed
100,25,68,52,34,5,3,7.13,Placed
50,82,57,48,86,0,0,9.99,Placed
78,96,66,50,83,5,3,7.11,Placed
80,33,55,55,52,5,2,7.1,Placed
93,52,65,30,21,0,3,6.21,Placed
71,48,95,75,54,0,3,7.8,Placed
93,92,68,97,86,5,3,5.21,Placed
46,95,32,93,32,0,1,6.8,Placed
83,97,73,70,25,2,3,9.26,Placed
76,86,24,71,100,5,3,8.35,Placed
41,47,92,43,23,5,2,5.49,Placed
98,72,23,78,52,2,2,6.76,Placed
55,55,77,26,61,3,2,8.84,Placed
50,46,91,90,61,5,3,8.77,Placed
89,42,83,31,62,2,1,6.58,Placed
59,32,31,71,60,4,3,8.2,Placed
88,68,45,53,82,2,2,9.03,Placed
97,66,40,41,61,0,0,5.95,Placed
59,84,91,57,91,4,1,6.99,Placed
84,29,45,31,31,5,3,9.26,Placed
49,63,88,65,70,1,3,5.52,Placed
87,57,98,92,30,2,1,7.21,Placed
42,51,90,39,55,0,3,6.12,Placed
84,48,51,48,76,5,1,5.73,Placed
58,51,22,98,81,3,3,7.78,Placed
76,44,72,43,86,4,3,8.14,Placed
96,69,53,66,53,3,2,6.82,Placed
99,50,60,89,65,0,1,6.61,Placed
92,51,88,94,36,0,3,7.68,Placed
46,97,49,64,90,1,3,6.35,Placed
93,26,78,99,76,3,3,5.32,Placed
50,22,91,77,91,5,0,9.48,Placed
70,38,28,65,28,5,2,7.85,Placed
100,23,96,82,75,5,1,9.93,Placed
53,77,59,88,58,2,1,7.85,Placed
96,85,72,38,89,5,2,9.31,Placed
79,26,65,95,35,0,0,7.65,Placed
86,40,44,51,96,1,1,5.15,Placed
99,83,35,62,31,0,3,7.87,Placed
100,69,72,68,80,1,2,5.91,Placed
59,65,42,75,52,3,0,5.92,Placed
65,45,49,64,30,2,3,8.76,Placed
73,52,22,97,27,4,0,8.41,Placed
46,41,20,87,21,0,2,6.92,Placed
41,92,92,67,28,1,1,8.18,Placed
71,43,88,47,64,0,1,8.0,Placed
76,42,76,42,84,1,3,5.15,Placed
42,88,35,59,57,0,2,8.42,Placed
77,86,41,32,83,1,1,9.99,Placed
98,63,78,90,69,3,0,8.34,Placed
44,63,51,66,38,1,3,5.94,Placed
65,25,65,27,81,5,0,9.24,Placed
45,61,87,92,93,5,3,8.78,Placed
81,45,56,61,37,3,1,6.46,Placed
80,74,71,75,68,0,3,5.12,Placed
46,61,91,81,98,3,2,7.49,Placed
90,56,27,87,25,1,0,6.54,Placed
77,93,89,42,60,5,0,7.67,Placed
43,58,69,44,65,4,0,9.12,Placed
83,75,85,87,42,4,2,8.41,Placed
42,47,32,78,43,1,2,5.36,Placed
53,83,46,93,98,0,0,9.61,Placed
53,34,57,20,50,5,2,9.92,Placed
64,49,67,71,25,1,1,7.99,Placed
79,53,74,93,100,2,1,9.7,Placed
81,54,72,21,73,3,3,6.39,Placed
97,44,82,52,96,0,3,5.21,Placed
89,77,36,48,29,5,0,5.58,Placed
97,82,28,43,88,2,1,9.72,Placed
56,70,56,88,56,2,2,5.54,Placed
47,70,45,31,91,3,1,5.64,Placed
42,80,81,33,34,1,0,9.17,Placed
51,30,28,50,75,4,2,7.19,Placed
49,76,96,25,84,1,1,8.62,Placed
42,92,21,39,63,2,1,6.75,Placed
52,27,70,68,39,2,0,6.13,Placed
80,44,62,76,23,3,0,9.22,Placed
78,87,56,91,40,1,2,5.28,Placed
83,28,72,86,88,0,1,8.62,Placed
60,67,24,38,33,5,1,5.03,Placed
40,92,27,69,92,0,1,8.81,Placed
42,92,89,29,22,5,3,9.69,Placed
81,69,56,98,69,3,1,8.41,Placed
79,52,64,78,81,1,3,7.68,Placed
63,48,38,56,42,3,2,9.41,Placed
63,22,75,58,38,0,3,7.05,Placed
96,89,49,71,36,5,2,6.04,Placed
65,73,73,78,77,3,3,7.32,Placed
61,61,71,37,87,1,1,6.08,Placed
52,92,44,99,66,3,3,6.87,Placed
59,47,70,38,80,0,3,6.5,Placed
93,99,72,26,45,1,2,7.76,Placed
50,69,86,75,43,3,0,8.47,Placed
64,92,42,54,92,1,3,7.88,Placed
91,45,39,72,60,3,1,9.34,Placed
48,82,60,98,98,4,0,8.38,Placed
90,28,30,22,21,0,2,9.26,Placed
60,65,45,39,47,2,0,6.81,Placed
98,60,94,77,80,2,1,6.45,Placed
46,91,40,39,40,3,0,7.66,Placed
79,72,40,91,90,5,3,8.5,Placed
57,51,34,38,76,0,0,5.68,Placed
64,80,68,81,41,0,2,9.65,Placed
77,93,43,77,22,3,2,9.43,Placed
45,67,28,42,37,4,2,8.39,Placed
98,39,34,45,61,2,0,6.77,Placed
91,83,22,99,95,3,1,6.83,Placed
56,44,85,55,86,0,3,6.59,Placed
50,26,50,59,53,3,3,6.69,Placed
57,78,30,62,90,0,1,9.36,Placed
99,99,21,93,22,2,3,6.0,Placed
70,68,69,24,54,5,3,6.68,Placed
91,85,74,72,63,1,2,8.6,Placed
75,44,82,56,54,0,3,9.59,Placed
45,60,85,34,22,1,0,6.21,Placed
51,67,28,39,93,1,0,9.32,Placed
40,21,63,99,29,1,3,8.16,Placed
61,33,98,35,27,5,1,6.0,Placed
87,30,43,31,31,0,3,8.96,Placed
54,46,26,30,69,2,1,7.38,Placed
52,83,97,43,80,2,0,7.21,Placed
72,20,30,42,45,2,1,9.39,Placed
76,44,35,29,44,1,2,8.78,Placed
54,40,70,95,57,4,3,7.53,Placed
58,47,74,52,64,5,1,7.65,Placed
81,52,56,40,28,0,0,7.47,Placed
97,27,99,75,30,5,3,5.06,Placed
87,31,60,95,66,5,0,7.85,Placed
86,60,77,65,81,2,3,6.5,Placed
71,60,89,44,49,4,1,5.21,Placed
62,72,79,79,61,3,3,9.34,Placed
69,77,39,38,69,3,0,9.37,Placed
90,60,68,100,39,3,2,5.07,Placed
90,42,39,95,43,1,0,5.08,Placed
70,39,54,63,45,0,3,6.96,Placed
59,90,55,49,44,3,3,7.16,Placed
100,40,82,27,65,0,0,9.76,Placed
85,81,97,57,38,1,3,9.02,Placed
66,82,21,59,100,1,2,8.15,Placed
83,99,74,98,35,4,1,7.65,Placed
61,67,36,67,92,3,0,5.09,Placed
63,73,51,46,61,5,1,9.55,Placed
97,60,80,55,91,2,2,8.49,Placed
97,36,61,100,93,1,1,9.07,Placed
55,82,92,80,22,2,0,6.92,Placed
49,99,61,30,87,3,3,8.01,Placed
97,54,28,77,69,1,2,8.56,Placed
63,27,80,51,48,5,0,6.64,Placed
92,99,81,91,38,2,2,7.42,Placed
60,97,88,45,44,4,0,6.48,Placed
43,44,87,84,56,1,3,7.11,Placed
92,21,58,53,46,1,2,5.13,Placed
81,73,30,67,79,1,3,8.13,Placed
75,40,96,76,60,0,2,7.28,Placed
52,97,78,56,40,4,1,6.61,Placed
41,35,26,61,90,3,2,5.71,Placed
93,68,90,23,100,3,2,6.98,Placed
60,98,24,56,61,4,0,9.42,Placed
43,36,83,28,28,1,1,5.51,Placed
50,50,31,66,65,2,0,7.06,Placed
88,28,83,71,89,0,3,8.21,Placed
65,39,90,31,46,3,1,5.58,Placed
98,53,49,50,27,5,0,5.26,Placed
93,48,81,25,25,1,1,9.75,Placed
95,37,84,60,61,3,3,5.1,Placed
88,57,83,23,73,4,0,5.2,Placed
77,24,46,49,94,3,0,6.75,Placed
45,94,67,85,41,3,1,5.76,Placed
40,100,99,56,54,4,2,7.55,Placed
50,45,97,52,62,1,2,9.49,Placed
65,35,56,77,23,3,3,6.02,Placed
47,25,69,33,46,1,2,9.16,Placed
83,47,95,58,66,3,0,8.24,Placed
54,92,52,47,85,0,2,5.06,Placed
93,43,62,46,83,5,3,8.6,Placed
69,70,97,41,82,3,2,8.98,Placed
82,51,29,98,33,0,0,8.1,Placed
94,21,55,20,58,3,3,8.64,Placed
50,32,26,67,47,5,1,9.85,Placed
87,67,29,55,73,5,0,6.49,Placed
42,35,58,38,53,3,1,5.6,Placed
80,23,80,42,21,0,0,8.62,Placed
69,94,91,54,54,0,3,5.32,Placed
84,39,47,28,70,5,3,5.15,Placed
71,75,79,72,42,0,0,8.28,Placed
89,55,56,81,45,2,0,8.36,Placed
95,44,50,77,20,5,0,9.37,Placed
93,75,91,82,49,5,0,6.43,Placed
45,96,67,78,80,4,1,6.87,Placed
97,67,90,89,38,2,2,7.04,Placed
77,71,67,79,64,2,1,9.07,Placed
88,83,89,72,66,3,0,8.01,Placed
96,37,62,65,79,3,1,9.45,Placed
61,84,100,38,96,2,1,9.26,Placed
76,37,46,70,30,3,0,9.95,Placed
74,25,86,33,93,0,2,9.67,Placed
82,41,49,62,82,0,2,8.66,Placed
91,67,90,70,86,5,3,6.1,Placed
62,72,33,48,78,1,1,8.58,Placed
97,84,33,83,38,0,2,6.21,Placed
65,58,46,89,32,1,0,5.08,Placed
58,35,46,43,29,0,2,7.26,Placed
47,74,65,71,21,5,2,6.72,Placed
63,46,58,74,99,4,3,8.18,Placed
77,25,82,24,83,2,2,5.16,Placed
84,80,69,88,32,3,2,9.75,Placed
83,82,23,68,24,3,0,7.37,Placed
74,31,30,51,100,0,3,6.9,Placed
61,50,97,80,24,2,2,7.76,Placed
85,77,47,98,72,0,0,8.42,Placed
77,23,84,76,28,4,1,7.32,Placed
84,92,69,88,26,2,0,8.49,Placed
71,42,77,57,40,0,2,8.01,Placed
67,34,39,29,45,3,3,6.25,Placed
64,42,68,25,58,1,1,6.7,Placed
83,94,83,49,76,5,0,5.51,Placed
48,36,97,92,23,3,3,6.83,Placed
84,75,22,87,67,5,0,7.09,Placed
42,55,75,91,74,0,0,5.44,Placed
96,65,80,71,84,1,1,5.61,Placed
50,31,93,43,45,3,2,7.79,Placed
70,28,43,94,72,0,0,6.16,Placed
49,58,37,70,21,2,0,7.55,Placed
40,34,87,54,94,4,0,6.52,Placed
91,37,60,51,81,1,1,8.32,Placed
70,81,47,32,42,3,0,5.73,Placed
48,85,38,28,81,4,0,7.83,Placed
55,100,72,100,66,1,2,7.03,Placed
88,75,25,61,70,0,1,8.36,Placed
99,67,70,77,97,1,1,7.4,Placed
100,85,72,40,50,4,2,7.49,Placed
44,75,96,23,73,0,0,8.52,Placed
89,38,25,67,55,3,2,7.32,Placed
91,63,58,88,97,2,2,9.28,Placed
70,85,82,69,95,5,1,7.35,Placed
45,82,63,88,86,4,0,6.26,Placed
57,54,56,96,85,1,2,9.63,Placed
60,50,92,44,64,2,1,9.13,Placed
73,72,55,53,96,3,1,8.84,Placed
96,37,57,44,66,5,2,6.02,Placed
69,94,86,42,35,5,2,8.19,Placed
53,96,63,43,83,2,1,6.96,Placed
85,54,92,78,88,2,1,6.27,Placed
44,52,35,68,90,3,0,5.33,Placed
91,52,83,78,90,4,2,7.56,Placed
66,45,54,26,74,5,3,7.98,Placed
70,75,69,60,35,1,1,5.61,Placed
88,26,25,28,55,0,2,5.64,Placed
46,74,46,25,92,0,0,5.56,Placed
79,55,56,75,50,1,1,8.09,Placed
76,54,90,65,50,1,0,7.77,Placed
60,48,41,69,46,4,0,9.77,Placed
45,93,98,54,82,0,0,6.23,Placed
66,48,50,78,98,1,1,9.59,Placed
57,33,20,50,59,3,3,7.23,Placed
54,32,30,72,76,3,1,8.7,Placed
64,98,68,22,89,2,1,9.41,Placed
71,75,87,63,61,0,3,7.54,Placed
64,76,97,46,67,1,0,8.0,Placed
84,68,41,71,46,1,2,6.77,Placed
57,51,57,49,68,4,3,9.8,Placed
83,92,51,28,77,5,0,6.94,Placed
62,66,68,22,82,3,3,9.55,Placed
45,75,52,64,49,2,2,9.56,Placed
56,81,40,41,48,4,1,9.23,Placed
64,66,26,49,31,5,1,5.46,Placed
84,90,26,52,30,4,2,7.27,Placed
58,38,75,55,43,1,3,6.56,Placed
73,28,49,31,99,0,1,6.44,Placed
70,74,41,50,22,1,0,5.34,Placed
46,54,42,88,35,3,2,8.62,Placed
49,88,43,51,21,2,1,8.83,Placed
72,22,84,84,27,3,1,5.84,Placed
70,39,36,50,97,2,2,7.31,Placed
69,42,34,51,40,5,0,5.34,Placed
64,37,20,56,78,4,3,8.39,Placed
65,90,89,71,87,3,2,8.93,Placed
76,71,52,87,72,1,3,5.63,Placed
42,46,29,96,67,2,0,8.02,Placed
66,68,68,58,67,0,2,7.44,Placed
88,22,47,75,38,3,1,8.25,Placed
59,70,51,38,22,1,3,6.26,Placed
65,79,79,67,46,3,1,7.08,Placed
43,51,38,32,57,2,0,6.75,Placed
98,69,75,29,96,2,2,9.11,Placed
75,81,25,81,28,2,2,5.97,Placed
99,84,41,21,32,1,2,5.3,Placed
72,47,100,86,67,0,3,7.02,Placed
91,98,78,64,99,2,2,6.84,Placed
91,86,94,35,76,3,3,8.82,Placed
42,90,92,84,28,1,3,6.65,Placed
85,76,54,38,38,1,0,8.08,Placed
57,70,48,25,25,2,0,9.77,Placed
52,73,92,44,73,1,3,7.74,Placed
56,46,20,28,40,0,2,8.64,Placed
90,28,48,79,41,5,3,5.57,Placed
82,78,63,98,67,3,2,7.89,Placed
75,62,100,61,87,1,2,9.03,Placed
89,51,48,22,75,3,2,6.64,Placed
72,58,83,71,26,4,2,9.01,Placed
56,33,38,91,48,1,1,7.32,Placed
49,32,89,84,66,3,3,7.1,Placed
61,58,30,51,40,4,3,9.74,Placed
82,28,60,27,75,3,3,5.77,Placed
70,23,62,67,35,2,1,7.43,Placed
71,70,95,47,71,3,1,6.43,Placed
79,41,63,40,96,2,3,9.27,Placed
46,30,30,21,39,4,3,7.46,Placed
45,39,26,20,80,1,0,5.67,Not Placed
93,66,65,93,31,0,1,9.46,Placed
61,32,24,94,30,0,0,9.11,Placed
52,41,70,82,33,2,2,8.08,Placed
73,29,98,56,37,0,3,8.03,Placed
56,40,85,32,83,4,1,8.45,Placed
42,70,63,40,80,3,2,9.76,Placed
59,57,71,73,50,2,2,6.05,Placed
69,39,39,24,30,0,0,5.74,Not Placed
68,36,39,29,56,2,2,7.9,Placed
85,81,75,72,35,5,2,9.69,Placed
53,80,24,66,40,3,1,6.73,Placed
43,24,52,69,43,3,3,8.29,Placed
65,61,77,37,61,5,3,8.29,Placed
98,92,43,20,41,2,3,5.47,Placed
96,62,38,25,37,1,3,9.79,Placed
98,45,43,73,24,0,2,8.56,Placed
91,98,67,63,20,0,3,8.86,Placed
72,45,47,38,62,5,2,7.65,Placed
96,87,95,98,98,1,3,8.85,Placed
86,25,78,95,90,2,3,5.22,Placed
61,22,72,95,100,0,3,9.15,Placed
66,79,97,93,49,2,1,7.25,Placed
59,24,49,94,52,3,2,5.02,Placed
54,25,48,77,50,3,0,7.15,Placed
44,55,88,89,73,0,2,8.84,Placed
82,26,83,94,47,4,2,8.9,Placed
94,50,69,91,62,1,1,5.07,Placed
67,30,62,51,81,0,0,5.65,Placed
87,53,41,57,52,3,1,9.53,Placed
53,40,66,32,56,2,0,5.38,Placed
49,35,20,50,28,2,1,5.57,Placed
68,63,35,84,88,3,0,7.41,Placed
79,55,30,65,31,2,1,6.94,Placed
52,89,52,22,99,0,0,5.81,Placed
61,40,86,88,44,3,2,5.15,Placed
94,69,75,33,85,3,1,5.84,Placed
79,81,95,28,49,5,3,7.79,Placed
69,69,61,67,45,0,0,7.26,Placed
40,93,65,22,67,5,2,7.08,Placed
93,20,60,79,30,1,0,7.97,Placed
75,34,95,37,80,3,2,5.6,Placed
91,24,60,51,59,4,3,6.47,Placed
94,33,27,58,37,5,2,9.08,Placed
49,55,63,72,29,4,2,5.38,Placed
59,58,72,22,23,2,2,5.92,Placed
45,37,87,97,96,0,2,5.57,Placed
56,62,60,35,43,4,1,7.91,Placed
45,49,26,55,59,4,0,9.06,Placed
75,93,89,58,90,5,2,5.5,Placed
65,25,59,73,31,5,2,6.35,Placed
43,37,28,32,95,0,0,9.46,Placed
42,80,66,71,89,0,2,5.79,Placed
100,91,51,30,62,1,1,8.24,Placed
76,33,100,22,80,1,1,5.85,Placed
92,85,50,72,20,5,2,7.88,Placed
86,44,83,90,50,0,3,6.06,Placed
82,69,44,87,57,2,1,7.02,Placed
77,72,94,56,54,1,0,8.53,Placed
56,97,83,20,34,3,1,8.73,Placed
84,36,93,43,94,0,1,5.66,Placed
42,49,51,25,29,5,3,5.66,Placed
53,55,34,93,20,5,1,8.59,Placed
93,21,72,33,63,1,3,5.72,Placed
86,35,67,61,72,3,2,7.22,Placed
52,38,46,69,65,1,1,7.45,Placed
100,55,75,26,52,0,3,7.32,Placed
43,27,78,87,57,1,3,5.55,Placed
58,38,56,55,42,3,0,7.37,Placed
88,87,28,95,78,2,2,8.22,Placed
68,45,55,81,69,2,1,7.4,Placed
68,37,22,50,82,3,1,9.93,Placed
75,85,38,34,54,5,2,7.61,Placed
84,32,54,86,59,5,3,5.1,Placed
76,33,50,56,52,1,1,8.14,Placed
73,20,39,22,61,5,3,7.84,Placed
40,81,44,43,33,5,2,8.6,Placed
67,52,54,95,45,5,3,8.35,Placed
78,92,92,65,32,3,3,8.12,Placed
96,51,61,25,63,2,3,8.79,Placed
74,62,83,49,75,4,0,8.45,Placed
46,92,37,49,72,0,1,7.34,Placed
74,29,33,90,76,5,1,6.1,Placed
53,47,67,32,24,2,0,9.59,Placed
66,35,55,95,77,1,0,6.7,Placed
55,98,35,31,52,4,1,5.22,Placed
84,55,89,41,20,3,1,8.98,Placed
96,62,32,31,84,4,1,9.62,Placed
57,20,74,64,65,3,1,5.13,Placed
46,100,93,22,55,1,1,9.11,Placed
54,25,42,45,46,1,1,6.47,Placed
43,77,48,99,37,0,0,8.63,Placed
86,46,66,100,58,5,3,5.77,Placed
44,40,80,68,20,1,2,5.18,Placed
51,73,33,30,40,1,0,5.77,Placed
46,75,49,41,54,5,2,9.43,Placed
50,96,88,92,47,3,3,5.86,Placed
93,76,55,60,53,4,1,9.63,Placed
91,22,45,71,57,3,3,9.64,Placed
95,94,34,36,26,1,0,7.8,Placed
65,94,37,26,86,1,1,8.99,Placed
55,26,85,97,89,0,1,7.7,Placed
45,63,87,88,31,2,2,6.66,Placed
48,42,25,74,82,1,1,9.01,Placed
54,31,86,38,99,3,0,7.11,Placed
80,89,30,61,78,1,2,9.96,Placed
61,23,24,21,23,5,0,9.31,Placed
86,23,30,61,41,5,0,5.41,Placed
52,81,32,76,88,5,2,5.29,Placed
80,97,23,39,65,2,3,8.36,Placed
90,84,57,57,53,1,0,7.73,Placed
49,96,93,89,81,2,3,7.61,Placed
89,29,39,42,56,4,0,6.57,Placed
70,25,84,75,79,0,0,8.0,Placed
40,53,51,68,64,5,2,5.44,Placed
86,86,55,87,39,3,3,7.82,Placed
55,72,39,54,85,1,2,6.85,Placed
43,66,59,41,93,3,0,7.76,Placed
42,100,80,26,72,1,1,7.05,Placed
94,98,91,78,99,2,0,8.86,Placed
89,87,43,36,28,0,2,9.01,Placed
99,35,70,52,87,0,0,6.31,Placed
86,53,42,90,80,3,1,7.58,Placed
64,44,87,28,71,2,1,5.77,Placed
44,38,71,99,57,5,1,7.61,Placed
81,59,72,58,40,0,1,9.4,Placed
88,36,67,87,75,1,0,6.55,Placed
89,52,30,79,25,3,2,9.73,Placed
80,69,40,65,67,2,0,5.93,Placed
90,49,67,63,89,5,1,6.47,Placed
95,22,30,80,68,2,3,8.96,Placed
95,57,85,93,87,4,0,8.86,Placed
86,33,67,50,91,5,1,9.15,Placed
57,62,37,79,98,5,0,8.37,Placed
61,24,57,27,57,1,1,9.58,Placed
53,65,44,87,52,4,2,9.42,Placed
47,70,48,38,33,0,0,8.56,Placed
69,87,79,35,89,0,1,6.21,Placed
45,100,45,83,47,1,3,8.22,Placed
54,25,72,24,29,0,3,8.79,Placed
60,69,32,79,84,3,0,5.05,Placed
51,46,23,23,95,0,2,8.89,Placed
47,90,36,96,87,0,1,8.44,Placed
61,80,83,53,56,4,0,9.8,Placed
98,73,20,99,47,3,2,8.05,Placed
62,37,27,29,59,4,0,9.04,Placed
95,87,93,56,33,4,2,6.13,Placed
65,87,81,63,23,4,1,8.78,Placed
66,44,41,40,47,4,1,5.37,Placed
68,55,62,63,73,0,0,6.28,Placed
42,57,36,86,88,3,0,9.15,Placed
80,22,63,50,83,3,3,7.18,Placed
90,25,86,32,34,5,1,7.13,Placed
94,22,25,44,27,4,1,6.81,Placed
65,97,31,23,69,1,3,5.36,Placed
100,47,32,42,47,2,2,6.78,Placed
92,75,85,90,43,3,0,7.43,Placed
94,82,74,91,38,4,1,9.92,Placed
93,53,57,25,34,1,2,9.48,Placed
40,87,77,44,63,2,1,7.38,Placed
82,90,87,37,72,0,1,6.17,Placed
63,98,35,26,33,5,2,7.26,Placed
84,22,97,26,84,2,0,9.02,Placed
58,93,43,22,77,2,1,7.01,Placed
78,93,99,100,73,4,3,9.35,Placed
82,57,90,97,96,5,3,5.45,Placed
73,57,38,88,66,4,3,8.18,Placed
76,51,38,62,92,0,2,5.11,Placed
72,59,92,99,44,1,1,5.54,Placed
93,48,57,38,75,3,0,7.04,Placed
84,22,91,80,39,3,0,7.29,Placed
66,23,76,42,47,2,1,7.6,Placed
54,61,97,66,51,4,1,8.29,Placed
75,22,56,20,64,3,0,9.91,Placed
97,92,98,75,63,0,1,7.03,Placed
88,65,89,38,75,5,2,5.47,Placed
75,68,93,68,64,3,0,9.62,Placed
53,21,91,81,74,0,1,8.83,Placed
91,87,60,93,63,0,2,9.22,Placed
89,54,71,89,39,1,2,9.25,Placed
57,100,25,23,41,3,1,5.0,Placed
82,85,75,96,70,3,0,9.99,Placed
47,69,84,45,29,0,1,9.07,Placed
61,23,26,28,68,4,0,8.06,Placed
57,30,57,100,97,0,2,5.27,Placed
66,42,100,86,45,4,3,8.21,Placed
80,38,26,67,48,5,2,6.35,Placed
97,83,76,76,96,2,3,5.81,Placed
85,77,37,71,72,5,1,7.98,Placed
62,22,91,31,82,5,3,9.61,Placed
99,26,40,92,97,0,2,5.11,Placed
99,87,88,53,28,1,1,6.01,Placed
54,31,36,60,65,5,1,6.01,Placed
98,71,33,79,89,0,3,5.05,Placed
94,41,33,30,97,1,0,6.9,Placed
54,74,50,85,60,1,3,7.48,Placed
76,64,68,35,44,1,3,5.37,Placed
82,89,57,59,53,4,0,8.63,Placed
50,94,61,26,38,3,2,7.55,Placed
92,32,75,55,56,0,1,7.26,Placed
83,52,33,70,80,4,0,9.64,Placed
97,79,83,85,41,1,0,5.07,Placed
50,31,82,95,88,1,0,8.14,Placed
56,86,73,41,93,4,2,8.67,Placed
71,97,76,49,74,1,1,9.38,Placed
94,85,42,89,60,3,0,6.69,Placed
76,77,22,83,95,4,3,7.01,Placed
99,35,78,81,27,3,3,6.18,Placed
65,86,38,21,66,0,3,7.7,Placed
45,41,43,48,100,2,2,8.37,Placed
45,70,66,21,62,4,3,9.69,Placed
83,53,71,92,39,5,0,7.61,Placed
89,42,29,93,37,2,3,9.84,Placed
88,96,25,91,95,4,2,6.18,Placed
79,97,89,56,89,0,1,5.63,Placed
98,24,62,24,97,5,1,8.31,Placed
74,75,96,52,84,2,1,6.49,Placed
78,63,98,85,90,5,0,8.24,Placed
58,64,77,100,89,4,3,9.81,Placed
88,24,76,31,65,1,1,9.48,Placed
65,77,69,81,45,4,1,5.13,Placed
79,77,55,68,29,4,0,8.6,Placed
82,79,83,98,88,3,3,7.71,Placed
94,99,93,75,84,3,1,9.19,Placed
48,60,86,93,45,3,0,8.95,Placed
74,60,87,20,71,5,1,8.41,Placed
90,50,67,26,54,0,2,8.78,Placed
64,68,99,62,78,4,0,5.15,Placed
47,41,55,89,42,5,2,9.26,Placed
57,52,43,87,70,3,3,5.98,Placed
62,98,57,43,51,5,1,8.42,Placed
87,93,54,70,48,1,0,6.7,Placed
50,53,30,61,43,4,2,8.61,Placed
99,81,42,63,69,1,1,7.02,Placed
77,48,48,63,87,4,2,5.51,Placed
95,84,33,91,70,2,2,5.13,Placed
81,82,86,53,69,4,2,5.08,Placed
60,82,56,53,48,0,1,6.53,Placed
79,35,85,93,29,0,3,8.0,Placed
50,26,45,86,62,4,1,6.35,Placed
42,31,66,46,70,2,0,6.63,Placed
69,33,61,61,45,0,1,8.64,Placed
63,99,47,73,80,5,0,6.19,Placed
67,77,60,25,22,4,2,9.76,Placed
49,33,56,31,24,2,1,7.28,Placed
79,87,35,95,87,3,0,8.03,Placed
93,36,81,20,54,2,1,6.18,Placed
72,87,91,64,71,1,1,9.68,Placed
75,74,73,27,61,4,3,8.96,Placed
68,88,76,55,58,1,1,7.46,Placed
61,85,63,55,89,5,2,8.66,Placed
67,66,60,98,56,1,1,6.52,Placed
79,35,30,74,62,0,1,9.66,Placed
40,25,25,39,59,2,1,7.93,Placed
96,49,29,50,36,5,0,9.0,Placed
95,60,28,46,20,2,2,7.4,Placed
73,46,74,91,43,5,0,6.42,Placed
58,86,87,98,69,3,3,5.72,Placed
94,48,74,77,76,5,2,8.22,Placed
49,20,36,66,85,5,1,9.6,Placed
58,46,28,87,47,1,0,8.69,Placed
52,28,36,45,97,1,0,8.13,Placed
79,31,27,68,21,0,1,7.08,Placed
71,40,46,90,79,2,0,7.66,Placed
89,80,71,86,31,5,3,5.88,Placed
51,64,81,79,61,2,2,7.81,Placed
57,81,37,68,39,4,0,6.63,Placed
79,31,85,78,68,5,1,8.65,Placed
65,26,90,43,76,0,3,5.88,Placed
69,47,45,76,47,4,1,9.78,Placed
99,23,61,43,42,1,1,8.7,Placed
96,41,32,74,61,5,0,8.2,Placed
55,90,90,38,50,1,2,8.27,Placed
84,51,93,89,46,2,2,6.33,Placed
47,82,79,83,48,1,3,6.45,Placed
100,22,93,62,53,2,3,8.06,Placed
86,34,43,77,97,4,3,5.01,Placed
76,42,76,28,40,0,2,6.23,Placed
97,96,79,87,83,5,0,6.07,Placed
85,61,37,94,91,4,1,5.65,Placed
41,32,37,66,70,5,0,7.74,Placed
51,24,25,53,90,3,3,7.59,Placed
72,92,76,64,46,5,2,8.34,Placed
62,43,50,88,70,0,0,6.01,Placed
57,58,50,69,30,4,2,5.55,Placed
44,64,40,46,93,0,0,8.89,Placed
81,93,41,95,64,5,0,5.46,Placed
52,81,55,85,44,0,1,9.56,Placed
76,73,80,30,46,5,3,5.46,Placed
47,38,70,26,39,5,1,5.58,Placed
50,35,78,72,79,5,1,5.27,Placed
78,31,34,34,68,3,0,5.65,Placed
51,25,35,99,24,3,1,8.61,Placed
82,87,76,51,45,4,1,5.19,Placed
76,44,75,68,63,1,0,8.3,Placed
69,58,86,33,39,2,1,5.5,Placed
58,22,91,70,100,4,1,9.61,Placed
95,21,93,61,37,1,2,6.88,Placed
41,95,44,66,64,5,3,9.2,Placed
44,20,47,92,96,2,1,8.9,Placed
77,83,22,32,49,3,0,5.71,Placed
52,74,65,90,61,4,2,6.94,Placed
88,36,47,23,53,0,1,5.13,Placed
70,26,74,35,66,4,1,7.4,Placed
75,83,55,27,41,4,0,7.22,Placed
86,30,75,74,95,0,3,6.14,Placed
48,56,87,33,63,2,2,9.76,Placed
50,100,20,48,56,0,1,5.29,Placed
41,98,66,71,83,4,3,6.84,Placed
97,59,99,28,67,3,2,6.86,Placed
67,42,51,52,81,0,1,9.18,Placed
56,79,75,20,34,0,0,8.85,Placed
91,85,35,24,46,0,3,7.77,Placed
46,77,71,55,31,3,1,7.12,Placed
42,89,21,86,32,5,2,7.24,Placed
49,95,23,33,63,5,0,7.32,Placed
52,85,25,72,77,0,1,5.27,Placed
85,49,62,30,26,2,2,9.85,Placed
57,82,58,45,71,1,0,8.52,Placed
41,22,92,75,43,2,2,7.23,Placed
85,74,96,52,83,0,1,5.6,Placed
40,62,45,45,97,3,1,9.11,Placed
98,76,52,75,70,3,1,5.39,Placed
77,28,87,50,37,5,3,5.09,Placed
43,54,71,73,74,0,2,9.83,Placed
80,95,23,28,34,0,3,7.94,Placed
82,79,35,52,24,0,2,7.93,Placed
74,90,28,92,100,5,2,7.87,Placed
60,51,28,60,42,0,2,8.05,Placed
72,24,95,58,96,3,3,8.92,Placed
73,83,48,28,45,3,3,8.43,Placed
92,73,68,97,91,5,2,5.51,Placed
98,68,32,39,47,3,2,9.76,Placed
71,81,93,54,51,1,1,8.81,Placed
67,43,46,85,95,4,2,7.91,Placed
98,34,98,77,21,0,2,5.83,Placed
67,37,23,47,79,0,3,9.1,Placed
74,41,33,31,72,0,1,8.3,Placed
82,23,100,100,53,0,0,6.18,Placed
83,98,93,85,96,4,3,9.5,Placed
97,34,30,76,22,5,2,9.64,Placed
72,23,29,89,71,2,2,7.68,Placed
50,35,77,65,86,4,1,7.86,Placed
68,84,67,76,21,4,1,5.31,Placed
41,53,89,25,73,3,2,7.37,Placed
45,43,44,68,92,0,2,7.98,Placed
45,30,40,85,83,5,2,8.96,Placed
78,74,91,84,39,3,3,7.89,Placed
82,81,26,54,25,4,2,6.15,Placed
47,53,31,94,74,0,2,7.14,Placed
71,90,51,42,82,2,1,6.67,Placed
64,65,33,78,94,5,3,5.91,Placed
80,25,97,73,56,4,3,6.92,Placed
55,53,98,74,23,2,3,7.56,Placed
49,28,76,21,39,4,2,5.51,Placed
49,40,65,94,51,5,3,6.38,Placed
74,36,20,84,93,1,2,7.67,Placed
74,84,49,98,25,3,1,9.93,Placed
65,81,39,87,76,4,0,7.12,Placed
79,28,31,58,29,1,0,7.93,Placed
88,51,65,96,40,1,3,5.54,Placed
53,80,72,20,63,1,1,5.22,Placed
56,61,91,85,32,3,2,8.9,Placed
84,22,41,66,55,2,3,5.72,Placed
47,98,32,74,60,5,0,9.37,Placed
84,57,55,23,92,3,3,9.23,Placed
70,81,28,86,36,5,2,7.97,Placed
76,89,100,25,89,4,0,9.33,Placed
69,90,38,32,54,0,3,6.35,Placed
73,33,48,61,99,1,3,8.13,Placed
100,53,89,74,98,5,1,8.49,Placed
77,70,99,90,76,2,3,7.84,Placed
84,31,61,63,95,2,2,9.02,Placed
43,34,35,98,37,5,1,5.29,Placed
83,81,66,51,68,5,0,6.76,Placed
44,80,30,74,27,1,3,6.04,Placed
60,51,72,36,32,4,2,6.64,Placed
78,27,68,82,20,0,0,7.97,Placed
81,93,58,37,58,4,2,5.89,Placed
58,68,68,55,91,4,3,7.16,Placed
66,26,61,75,53,1,0,9.1,Placed
99,59,60,74,66,3,3,6.7,Placed
97,23,93,77,59,2,1,5.96,Placed
72,97,23,74,36,1,2,6.29,Placed
65,68,36,43,73,2,2,5.27,Placed
65,100,62,97,97,2,1,9.63,Placed
40,74,40,43,35,1,1,6.47,Placed
88,77,74,81,80,2,3,5.67,Placed
60,98,28,69,23,0,0,5.88,Placed
85,32,31,67,84,2,3,9.97,Placed
40,88,21,33,80,4,3,7.41,Placed
71,91,36,45,30,1,2,7.22,Placed
90,21,54,77,37,5,3,8.96,Placed
94,41,74,29,38,5,0,9.6,Placed
43,46,87,52,49,5,3,6.71,Placed
67,64,95,69,88,0,3,7.77,Placed
92,41,67,53,85,1,2,5.64,Placed
82,91,49,84,61,2,2,8.98,Placed
100,54,26,24,74,2,2,8.26,Placed
58,79,63,38,45,0,0,5.7,Placed
52,39,77,56,88,4,3,8.41,Placed
79,30,77,76,70,1,1,8.32,Placed
81,41,82,41,23,1,3,8.43,Placed
92,29,80,65,21,5,0,9.01,Placed
44,97,69,51,25,2,2,8.57,Placed
52,24,69,97,49,2,1,6.33,Placed
97,49,62,49,59,0,0,9.29,Placed
95,33,85,28,70,3,3,7.53,Placed
72,28,74,64,42,2,2,6.27,Placed
82,66,53,53,74,0,1,9.1,Placed
96,66,28,80,97,4,1,7.25,Placed
90,90,33,21,61,1,0,5.74,Placed
69,84,85,52,88,5,3,9.02,Placed
76,94,74,95,87,4,1,9.42,Placed
88,96,27,59,60,3,1,9.19,Placed
46,55,77,37,52,3,1,5.18,Placed
45,96,89,68,52,1,2,5.66,Placed
53,91,48,95,77,1,1,6.19,Placed
90,33,39,34,90,3,0,6.96,Placed
92,40,92,46,42,4,0,8.56,Placed
75,47,41,38,35,0,0,5.07,Not Placed
54,42,20,22,28,5,3,7.31,Placed
64,34,25,23,85,5,3,8.57,Placed
47,21,90,30,57,1,2,6.92,Placed
45,56,27,50,90,2,2,8.25,Placed
81,30,95,85,26,3,2,7.11,Placed
88,90,37,44,60,2,3,9.33,Placed
77,60,32,24,20,1,0,7.29,Placed
88,71,43,20,67,2,2,9.76,Placed
77,68,76,29,62,0,0,7.18,Placed
97,69,74,54,31,0,0,9.52,Placed
65,67,58,31,31,5,1,9.93,Placed
40,77,89,61,32,3,2,8.86,Placed
70,25,86,98,21,2,1,7.15,Placed
75,45,57,90,38,3,3,5.8,Placed
78,78,21,87,49,4,3,7.79,Placed
73,92,35,80,87,5,3,8.91,Placed
44,66,23,67,95,3,1,6.82,Placed
94,29,92,78,68,0,1,5.63,Placed
100,31,36,75,65,3,1,6.9,Placed
59,30,90,20,93,2,1,9.7,Placed
90,79,66,62,85,2,0,7.3,Placed
69,57,31,37,82,2,3,8.01,Placed
90,29,32,89,90,1,2,5.46,Placed
85,95,71,37,75,2,1,5.81,Placed
78,81,62,85,95,0,3,5.27,Placed
85,53,66,54,36,0,2,8.41,Placed
63,82,25,60,75,4,1,5.01,Placed
76,38,36,66,83,0,0,9.69,Placed
43,28,100,71,48,5,2,7.05,Placed
100,26,78,41,47,1,2,9.24,Placed
70,42,84,40,91,4,2,9.44,Placed
96,55,20,27,31,3,1,5.8,Placed
56,77,50,31,37,3,0,6.95,Placed
99,89,67,20,81,0,0,8.93,Placed
100,91,27,31,34,4,2,9.87,Placed
79,42,79,33,31,2,1,7.14,Placed
87,25,66,49,76,0,1,6.0,Placed
42,79,29,75,95,2,0,5.02,Placed
70,52,31,84,93,2,2,8.5,Placed
54,38,92,86,79,3,1,9.33,Placed
66,64,36,96,52,2,3,8.83,Placed
66,31,99,85,38,3,1,9.02,Placed
91,88,30,47,29,0,2,6.66,Placed
49,65,91,98,71,1,1,5.34,Placed
97,57,47,66,76,2,1,6.69,Placed
98,39,73,87,27,3,2,9.9,Placed
67,24,74,77,44,4,1,9.95,Placed
56,58,89,84,44,4,2,9.84,Placed
60,49,68,100,58,3,1,7.7,Placed
61,62,26,77,76,2,0,6.97,Placed
68,99,62,65,30,2,3,5.8,Placed
76,43,21,96,24,4,2,9.51,Placed
60,33,25,83,100,5,2,8.65,Placed
82,96,33,49,32,0,0,7.31,Placed
72,69,32,96,22,1,2,9.03,Placed
85,76,69,26,42,1,0,7.03,Placed
79,67,49,60,54,5,0,8.41,Placed
40,30,37,43,76,2,2,9.36,Placed
43,21,40,73,26,0,2,5.55,Placed
53,43,64,95,53,3,2,5.16,Placed
58,25,83,32,76,5,1,9.22,Placed
69,96,90,26,65,5,2,8.22,Placed
98,49,28,26,21,3,2,9.79,Placed
79,47,58,21,46,5,0,5.02,Placed
62,36,24,47,74,0,2,5.32,Placed
74,58,100,98,32,1,2,9.4,Placed
79,42,89,65,64,1,2,8.43,Placed
61,38,25,66,69,0,0,5.3,Not Placed
71,92,93,21,22,3,3,9.71,Placed
98,90,27,29,89,3,3,7.39,Placed
42,50,81,84,54,5,1,8.58,Placed
53,44,92,56,59,4,2,9.31,Placed
41,20,70,82,78,3,1,6.67,Placed
40,47,40,64,21,0,3,6.06,Placed
64,60,52,36,70,1,2,5.53,Placed
74,52,43,94,27,5,1,8.31,Placed
76,39,48,48,59,2,0,5.35,Placed
87,24,93,25,73,5,0,6.78,Placed
40,89,91,72,85,2,1,5.07,Placed
96,34,31,69,70,3,1,8.97,Placed
79,20,56,62,78,2,3,6.62,Placed
76,43,31,41,95,5,3,6.56,Placed
65,25,49,50,73,5,1,8.99,Placed
96,38,78,67,65,4,1,5.39,Placed
69,79,23,96,36,0,3,5.57,Placed
91,64,40,48,90,0,1,5.95,Placed
84,41,32,97,41,0,2,9.53,Placed
73,35,86,93,82,5,0,8.43,Placed
76,32,75,33,34,4,3,6.06,Placed
63,62,90,90,30,5,2,7.84,Placed
69,80,41,32,68,4,0,8.54,Placed
88,63,50,81,88,5,1,5.34,Placed
64,97,39,85,94,3,1,9.02,Placed
57,62,59,26,32,4,1,5.84,Placed
88,81,40,20,26,1,1,8.08,Placed
74,36,100,49,37,5,1,5.3,Placed
45,55,55,82,55,5,1,8.66,Placed
99,87,34,28,73,2,1,8.51,Placed
83,36,100,21,36,0,1,9.89,Placed
57,39,48,36,36,5,3,7.49,Placed
94,36,33,51,67,5,1,5.21,Placed
89,36,84,31,73,2,0,7.04,Placed
65,45,20,27,64,5,1,9.67,Placed
68,78,78,65,70,4,0,8.06,Placed
54,36,29,22,40,4,0,7.08,Placed
96,29,80,58,68,4,0,9.3,Placed
50,94,87,47,35,0,2,6.24,Placed
87,89,55,28,99,3,3,5.81,Placed
76,30,45,35,73,3,0,7.51,Placed
63,71,91,67,73,3,3,9.77,Placed
96,25,69,49,70,1,0,7.85,Placed
91,70,66,66,27,2,2,8.89,Placed
90,52,58,24,76,3,3,9.9,Placed
83,59,97,44,48,4,3,6.72,Placed
59,97,68,41,78,1,1,9.23,Placed
64,37,75,35,31,2,1,6.28,Placed
90,72,37,63,91,5,2,6.33,Placed
49,32,85,85,25,4,3,9.75,Placed
78,99,32,99,72,1,1,8.62,Placed
98,30,96,93,68,2,1,6.01,Placed
61,50,37,56,78,1,2,8.33,Placed
63,88,50,48,51,2,1,9.75,Placed
42,50,29,30,66,5,3,7.03,Placed
63,54,67,79,69,5,2,7.5,Placed
90,78,71,95,54,5,2,9.73,Placed
63,50,75,67,92,3,2,6.97,Placed
99,96,84,68,28,3,1,9.53,Placed
48,30,42,63,56,2,0,7.68,Placed
98,21,93,62,99,2,0,9.07,Placed
51,71,96,38,61,2,3,6.99,Placed
94,77,43,34,50,0,3,9.35,Placed
57,37,50,67,95,0,2,5.91,Placed
47,56,26,53,89,4,1,6.24,Placed
97,40,73,34,58,2,2,6.07,Placed
91,27,77,92,72,1,3,6.13,Placed
98,22,23,88,35,3,2,9.6,Placed
49,35,30,67,90,3,0,9.58,Placed
75,55,60,40,46,2,2,8.7,Placed
51,75,84,78,53,2,3,5.24,Placed
71,44,40,23,87,3,2,9.38,Placed
92,38,48,76,79,3,1,7.89,Placed
65,61,72,44,44,3,0,5.56,Placed
98,27,25,100,65,1,3,9.66,Placed
44,23,67,61,86,5,0,5.18,Placed
98,39,81,42,36,0,2,5.93,Placed
69,44,35,74,23,4,2,6.13,Placed
76,35,47,70,87,5,0,7.47,Placed
50,24,45,35,45,3,2,6.76,Placed
49,86,70,42,23,4,1,7.88,Placed
80,82,51,64,36,5,2,9.83,Placed
62,47,50,38,41,1,3,6.13,Placed
79,44,86,97,97,1,0,6.44,Placed
94,80,48,65,48,1,1,7.12,Placed
45,84,64,24,80,3,0,9.54,Placed
75,78,25,85,43,3,3,8.94,Placed
47,84,40,45,68,0,0,5.07,Placed
47,39,70,32,65,5,1,9.46,Placed
75,91,100,43,31,3,3,9.62,Placed
88,53,88,53,71,3,1,6.62,Placed
88,53,36,38,46,1,1,5.71,Placed
50,85,22,33,97,2,2,9.99,Placed
62,91,92,39,100,1,1,8.67,Placed
62,71,27,68,43,4,2,6.06,Placed
81,26,69,51,81,1,0,9.28,Placed
47,88,27,54,70,5,3,6.38,Placed
92,50,20,82,60,1,2,8.86,Placed
81,91,61,39,21,5,0,6.1,Placed
64,42,71,27,85,2,3,6.15,Placed
93,80,66,69,28,2,2,8.95,Placed
42,66,60,52,92,0,1,9.68,Placed
82,28,67,31,74,5,2,5.36,Placed
76,63,62,74,54,0,0,7.88,Placed
64,95,47,95,61,3,3,6.79,Placed
51,27,81,20,37,0,2,5.84,Placed
50,21,29,99,83,0,1,8.64,Placed
45,39,59,29,45,4,1,8.76,Placed
67,99,71,79,88,4,3,7.03,Placed
76,86,80,47,29,1,3,7.45,Placed
70,49,30,97,43,1,3,8.26,Placed
83,23,78,63,93,4,3,8.24,Placed
66,65,50,46,100,5,2,6.02,Placed
78,31,100,68,62,2,1,5.15,Placed
72,94,62,43,49,0,1,5.23,Placed
47,95,28,65,23,2,3,9.04,Placed
57,56,92,78,56,3,0,8.55,Placed
40,37,73,91,79,3,2,6.55,Placed
82,75,83,71,58,4,3,7.97,Placed
99,59,31,73,45,3,2,7.13,Placed
42,52,62,24,22,3,1,6.77,Placed
84,48,80,45,24,4,3,9.88,Placed
76,74,98,43,79,3,0,5.55,Placed
80,92,65,37,92,5,3,6.11,Placed
53,26,67,95,79,5,0,5.9,Placed
62,34,40,87,40,3,3,8.37,Placed
67,58,50,30,60,4,2,9.58,Placed
79,91,92,62,98,3,2,9.61,Placed
66,75,51,58,62,2,2,8.73,Placed
59,52,29,59,98,0,3,7.85,Placed
78,95,51,97,51,5,2,6.38,Placed
68,56,48,93,54,3,2,5.09,Placed
88,91,41,38,48,0,2,7.5,Placed
48,97,81,47,93,5,2,5.5,Placed
50,33,21,93,77,1,0,8.46,Placed
47,81,25,81,61,2,2,5.96,Placed
80,72,67,63,80,4,1,9.3,Placed
48,24,51,21,25,2,2,7.83,Placed
94,58,68,28,38,5,1,7.83,Placed
92,23,38,65,33,1,0,6.02,Placed
95,79,62,70,65,4,3,5.95,Placed
77,63,100,80,20,4,3,9.85,Placed
45,93,98,47,28,2,2,7.76,Placed
52,53,61,70,69,1,0,5.36,Placed
99,89,90,67,26,1,2,9.45,Placed
52,72,40,37,24,1,1,6.55,Placed
58,43,53,72,46,5,0,5.09,Placed
54,77,94,73,84,5,3,8.91,Placed
74,23,24,90,60,5,1,7.85,Placed
57,68,94,26,39,5,0,8.23,Placed
71,76,56,28,79,2,1,9.97,Placed
59,46,60,27,39,1,2,9.74,Placed
50,40,91,98,55,3,3,6.69,Placed
68,63,40,45,45,1,1,8.12,Placed
54,21,37,22,37,2,3,7.87,Placed
46,47,46,21,49,0,1,5.99,Placed
66,79,76,28,35,5,3,8.92,Placed
63,21,76,74,38,3,2,8.75,Placed
60,51,27,42,55,5,2,6.05,Placed
45,42,49,94,91,2,3,5.85,Placed
41,47,54,36,25,1,2,7.29,Placed
100,94,22,31,78,5,1,9.79,Placed
82,36,57,26,67,0,3,9.07,Placed
86,72,53,89,79,5,0,9.16,Placed
70,83,61,53,72,0,1,9.63,Placed
43,69,66,89,49,4,3,5.77,Placed
83,80,100,38,63,4,0,5.9,Placed
60,96,25,94,63,3,3,8.79,Placed
58,52,84,38,51,3,1,8.14,Placed
68,93,29,43,32,1,0,5.43,Placed
43,35,87,78,85,0,1,8.48,Placed
84,90,73,98,26,5,0,7.27,Placed
43,82,57,24,100,1,1,6.76,Placed
77,99,99,52,65,1,2,8.68,Placed
97,34,83,33,42,1,1,9.53,Placed
100,69,52,51,48,4,3,5.91,Placed
41,66,57,39,38,0,3,5.88,Placed
83,61,53,95,68,1,1,8.7,Placed
40,89,45,45,57,2,2,7.21,Placed
97,22,59,84,86,3,2,5.06,Placed
69,22,41,21,67,4,3,8.83,Placed
83,64,29,98,60,1,3,7.48,Placed
79,43,70,74,46,1,2,7.07,Placed
57,43,77,83,80,2,1,5.8,Placed
62,92,39,22,73,0,3,6.75,Placed
45,38,97,37,23,5,2,7.86,Placed
99,40,39,95,56,0,0,6.61,Placed
95,72,47,25,39,4,2,6.58,Placed
82,94,71,49,75,1,3,8.34,Placed
91,39,72,42,99,5,2,8.32,Placed
51,25,75,68,29,2,2,8.12,Placed
41,90,63,32,44,1,0,6.12,Placed
74,25,25,54,93,4,1,8.52,Placed
50,28,30,42,39,0,1,8.91,Placed
63,57,85,34,67,4,1,9.35,Placed
74,73,88,83,71,2,0,5.52,Placed
77,34,87,61,53,4,0,6.95,Placed
59,37,20,25,69,1,3,7.21,Placed
73,81,51,60,86,2,3,8.19,Placed
58,71,59,35,96,3,1,6.09,Placed
82,43,34,98,38,5,3,9.04,Placed
51,29,44,43,22,2,0,5.23,Not Placed
50,98,52,88,47,0,2,8.66,Placed
100,85,92,34,31,3,3,5.77,Placed
88,72,95,98,96,4,2,7.88,Placed
73,32,40,85,45,0,0,5.29,Placed
96,75,74,72,22,5,1,8.53,Placed
43,20,64,45,40,4,2,5.97,Placed
65,44,32,20,61,5,0,6.63,Placed
51,54,51,87,50,4,0,9.68,Placed
75,40,73,98,41,5,0,5.3,Placed
65,88,75,40,78,3,1,9.29,Placed
51,91,46,84,98,3,1,6.07,Placed
70,72,30,84,63,5,0,9.42,Placed
74,71,42,70,78,0,1,7.17,Placed
59,33,20,29,44,1,1,6.01,Placed
54,97,39,32,89,4,1,6.75,Placed
51,79,96,28,87,3,2,8.54,Placed
88,22,71,81,83,3,0,8.25,Placed
67,100,67,94,41,0,0,9.28,Placed
92,54,51,29,99,1,3,8.03,Placed
66,34,78,84,34,2,3,7.9,Placed
74,51,89,58,64,5,3,5.89,Placed
83,22,39,70,68,2,3,7.67,Placed
88,41,98,65,93,0,1,6.62,Placed
53,59,98,84,95,4,1,6.72,Placed
54,97,54,75,100,5,0,8.82,Placed
87,58,37,94,97,0,3,6.34,Placed
70,38,99,72,74,4,2,5.31,Placed
68,93,99,70,82,0,0,7.77,Placed
78,78,59,83,52,4,2,8.43,Placed
94,93,56,71,55,0,1,9.01,Placed
91,84,58,34,72,3,1,6.44,Placed
69,86,100,63,46,3,0,9.99,Placed
58,94,88,23,53,2,2,5.05,Placed
78,41,85,70,21,2,1,5.59,Placed
96,24,40,71,37,3,0,6.98,Placed
58,90,97,27,22,4,1,6.35,Placed
93,52,65,86,33,1,0,7.78,Placed
74,93,91,44,25,2,3,6.53,Placed
92,89,90,50,99,4,3,6.31,Placed
94,33,90,64,73,1,0,5.75,Placed
68,67,21,26,20,1,0,8.4,Placed
86,69,71,33,95,4,2,8.23,Placed
41,65,69,57,32,4,2,8.84,Placed
52,76,89,57,75,3,0,7.51,Placed
70,22,35,87,80,1,3,9.39,Placed
91,24,23,34,100,1,3,6.86,Placed
84,35,26,49,54,2,2,9.75,Placed
56,36,96,96,25,3,3,6.37,Placed
61,74,91,71,67,1,2,9.7,Placed
64,38,36,34,61,2,3,9.36,Placed
48,60,74,42,43,1,0,8.04,Placed
61,50,47,57,76,0,2,7.49,Placed
70,69,58,89,56,5,2,6.86,Placed
54,96,75,61,41,0,1,7.67,Placed
60,20,82,30,37,2,2,8.64,Placed
53,33,41,96,27,0,1,6.97,Placed
82,43,31,28,80,1,1,8.17,Placed
69,83,40,74,54,4,1,8.09,Placed
75,61,61,90,61,1,1,7.92,Placed
59,41,64,37,60,0,3,5.58,Placed
72,61,82,67,98,0,3,5.33,Placed
61,26,87,26,66,2,0,6.29,Placed
69,59,54,80,49,2,1,6.78,Placed
49,58,76,87,57,0,3,5.6,Placed
77,58,93,78,45,2,2,9.24,Placed
78,46,24,62,49,3,0,6.11,Placed
47,87,47,73,30,0,1,6.2,Placed
81,86,96,43,74,0,3,7.53,Placed
96,42,91,28,65,1,3,7.72,Placed
52,21,56,91,75,1,2,8.42,Placed
60,43,35,76,59,3,2,9.16,Placed
53,61,48,81,85,0,0,7.56,Placed
95,33,65,74,81,1,2,6.4,Placed
64,83,31,81,76,5,3,9.67,Placed
77,70,95,28,59,1,1,9.07,Placed
48,95,97,93,52,3,3,6.31,Placed
97,63,26,98,95,4,0,8.45,Placed
47,26,88,96,90,2,3,6.14,Placed
41,88,49,63,40,0,0,7.7,Placed
66,86,57,56,41,5,2,6.95,Placed
87,85,86,58,99,5,3,7.91,Placed
68,41,91,67,82,2,2,8.77,Placed
48,86,34,95,26,1,1,5.36,Placed
87,94,79,88,97,5,0,9.1,Placed
59,87,89,44,97,3,0,7.31,Placed
99,62,94,87,58,2,2,9.05,Placed
90,54,46,74,83,1,3,9.91,Placed
46,30,43,47,23,1,2,8.76,Placed
94,88,34,30,93,1,3,9.17,Placed
45,55,63,93,21,0,1,9.17,Placed
68,79,93,26,67,2,1,7.8,Placed
67,74,94,46,48,2,0,8.14,Placed
82,60,84,88,22,5,3,9.81,Placed
40,60,44,36,70,0,0,5.61,Placed
55,94,30,21,51,4,1,9.26,Placed
70,59,37,60,64,0,1,8.62,Placed
42,93,27,87,61,4,0,9.28,Placed
85,35,25,56,61,0,1,6.5,Placed
85,79,46,71,28,2,3,6.03,Placed
88,71,37,76,30,1,2,7.55,Placed
78,71,92,51,46,2,1,8.99,Placed
43,20,100,62,89,2,3,5.45,Placed
80,57,77,51,31,5,2,9.3,Placed
92,68,50,94,82,4,1,6.79,Placed
90,34,32,68,57,1,3,9.78,Placed
79,25,37,85,50,3,3,5.91,Placed
41,40,89,96,73,5,3,7.05,Placed
61,51,57,42,86,0,3,9.04,Placed
56,28,72,29,24,0,3,9.79,Placed
60,46,62,88,58,3,2,5.21,Placed
63,35,24,44,91,4,0,5.68,Placed
53,21,53,38,82,3,1,7.11,Placed
99,85,33,53,53,5,2,7.27,Placed
73,94,49,95,60,1,0,7.88,Placed
76,25,73,83,71,2,0,7.85,Placed
51,84,88,55,98,4,3,8.83,Placed
95,60,64,34,50,2,3,5.68,Placed
71,35,78,54,45,0,3,9.03,Placed
75,35,33,69,54,5,0,6.02,Placed
100,46,95,84,86,0,3,6.03,Placed
70,76,65,85,48,5,1,6.07,Placed
58,80,77,21,52,0,1,8.59,Placed
78,21,99,34,64,1,3,9.85,Placed
51,89,36,70,37,2,2,8.94,Placed
42,53,28,41,49,0,0,8.62,Placed
62,77,79,37,20,2,2,5.33,Placed
43,83,95,54,32,4,1,5.8,Placed
63,50,90,29,27,4,3,8.57,Placed
59,32,38,38,55,4,3,5.14,Placed
86,91,80,39,69,2,3,6.02,Placed
51,67,30,83,58,1,1,6.45,Placed
56,47,42,73,32,0,0,5.18,Not Placed
59,68,87,75,32,5,3,6.08,Placed
70,21,39,89,71,3,1,5.28,Placed
99,39,24,24,96,2,1,6.95,Placed
91,73,37,28,93,2,1,7.05,Placed
74,94,23,21,63,3,3,8.02,Placed
41,27,32,83,51,1,2,9.78,Placed
76,21,23,79,47,4,3,5.45,Placed
88,24,77,41,40,0,0,6.02,Placed
92,68,92,25,85,3,0,8.28,Placed
71,38,43,35,23,2,2,9.35,Placed
85,55,72,34,83,0,1,7.74,Placed
44,80,20,78,52,2,1,7.04,Placed
49,48,58,57,36,1,2,5.72,Placed
81,70,21,38,63,1,1,9.56,Placed
57,30,38,22,94,2,2,8.71,Placed
68,80,43,68,98,0,1,8.37,Placed
66,100,65,60,32,1,1,7.35,Placed
45,79,97,58,91,0,1,6.35,Placed
62,65,94,89,64,0,3,5.19,Placed
46,33,93,34,60,4,0,5.85,Placed
67,89,71,56,97,4,3,6.28,Placed
75,74,85,73,36,1,3,6.9,Placed
43,21,84,87,54,2,3,6.29,Placed
72,49,76,91,31,4,0,7.86,Placed
71,57,99,92,36,0,3,6.5,Placed
43,71,93,87,45,3,1,9.17,Placed
90,61,49,55,89,2,3,6.35,Placed
100,25,84,40,35,1,3,6.59,Placed
67,43,38,21,41,0,1,6.0,Placed
86,82,38,21,65,2,0,9.39,Placed
88,47,20,27,22,0,3,6.24,Placed
58,71,78,50,95,0,0,5.02,Placed
73,93,92,31,35,2,0,7.03,Placed
40,22,94,31,69,4,1,9.1,Placed
48,83,45,78,94,5,3,8.7,Placed
79,25,69,21,89,5,2,6.5,Placed
93,30,90,74,81,2,3,6.22,Placed
43,22,96,95,85,2,1,6.25,Placed
47,32,51,77,30,0,0,6.59,Placed
82,97,91,67,53,2,1,8.8,Placed
91,59,39,22,44,5,2,9.02,Placed
82,21,28,66,46,2,1,6.39,Placed
66,23,77,61,68,4,2,6.42,Placed
96,54,71,75,76,1,0,5.48,Placed
75,37,54,22,37,5,0,8.44,Placed
49,37,48,85,77,4,2,9.84,Placed
49,70,38,24,87,2,0,7.48,Placed
84,61,37,79,49,2,1,7.06,Placed
50,48,64,78,22,0,2,5.44,Placed
79,32,91,37,90,5,2,5.54,Placed
47,73,28,100,42,5,2,6.73,Placed
41,56,70,34,24,0,3,8.01,Placed
54,27,53,74,72,0,0,5.43,Placed
75,51,86,38,78,0,0,5.45,Placed
96,42,45,36,92,5,3,5.34,Placed
45,36,23,53,88,5,2,5.06,Placed
87,74,75,61,48,5,2,6.56,Placed
86,25,59,42,38,3,3,9.94,Placed
94,58,69,23,33,4,0,6.66,Placed
40,66,83,100,46,5,2,7.46,Placed
49,53,50,64,91,3,0,7.46,Placed
66,88,41,40,60,0,1,9.13,Placed
82,43,70,77,20,4,3,9.24,Placed
85,69,64,71,39,1,2,9.92,Placed
99,99,76,72,89,3,2,8.95,Placed
58,80,79,30,40,4,0,8.2,Placed
63,21,24,72,33,4,2,7.5,Placed
70,58,38,36,50,2,2,9.06,Placed
59,26,59,73,68,4,1,9.74,Placed
49,31,63,75,52,4,2,5.82,Placed
56,93,42,22,71,5,2,9.01,Placed
81,31,35,32,98,3,1,7.73,Placed
45,87,38,79,51,0,3,6.17,Placed
54,63,95,56,84,4,1,8.62,Placed
73,86,55,95,73,4,0,9.97,Placed
65,53,22,64,32,0,0,5.91,Placed
50,67,59,45,55,0,1,6.24,Placed
41,35,71,26,59,4,3,5.02,Placed
100,50,83,38,32,5,3,5.26,Placed
43,45,40,27,45,0,3,7.75,Placed
77,99,97,26,30,0,2,5.16,Placed
40,46,58,80,34,1,0,8.75,Placed
71,32,95,79,91,3,0,8.9,Placed
46,100,69,39,65,5,0,8.61,Placed
56,32,94,56,79,4,2,9.34,Placed
98,21,100,35,29,1,3,6.7,Placed
61,87,41,35,22,3,1,7.79,Placed
83,76,86,20,80,1,3,7.99,Placed
43,49,79,34,73,0,3,5.14,Placed
84,85,34,98,80,1,1,9.47,Placed
83,96,95,69,52,3,3,8.87,Placed
74,45,82,63,49,0,3,9.39,Placed
75,33,20,43,56,4,0,8.37,Placed
85,90,66,65,79,4,0,5.07,Placed
81,52,57,44,37,1,3,9.82,Placed
50,35,70,94,24,3,3,7.76,Placed
94,78,53,70,80,0,3,9.0,Placed
83,65,28,75,99,5,0,6.23,Placed
94,66,38,31,61,0,0,9.19,Placed
97,58,38,69,29,0,3,9.64,Placed
53,45,66,25,86,2,1,6.41,Placed
53,34,99,88,48,4,1,6.44,Placed
94,57,84,28,48,0,0,6.51,Placed
46,74,96,29,21,2,1,5.23,Placed
46,67,29,68,80,5,2,8.82,Placed
85,90,69,57,71,5,1,6.16,Placed
95,98,62,49,59,4,0,5.47,Placed
60,22,35,55,83,3,2,8.84,Placed
49,82,84,94,74,0,2,7.36,Placed
75,63,61,34,37,4,0,9.53,Placed
98,83,62,32,37,1,2,8.83,Placed
71,84,32,63,66,2,1,6.88,Placed
100,25,96,79,40,1,3,5.09,Placed
58,57,75,67,55,3,3,7.34,Placed
42,65,28,76,33,0,3,6.02,Placed
92,84,79,35,66,3,2,8.77,Placed
70,88,49,81,27,1,0,7.43,Placed
59,49,87,22,43,3,2,9.11,Placed
93,58,84,61,78,5,1,6.92,Placed
50,92,42,62,53,3,3,9.91,Placed
97,77,43,91,86,2,0,7.24,Placed
67,52,37,21,77,5,3,8.42,Placed
49,81,28,46,63,1,3,7.38,Placed
84,37,65,97,36,1,3,8.61,Placed
93,80,97,26,72,5,0,8.99,Placed
73,86,70,95,49,1,0,8.47,Placed
89,67,50,53,20,2,0,8.44,Placed
100,97,38,80,45,4,3,8.71,Placed
97,61,96,77,74,2,0,6.57,Placed
83,61,72,77,27,5,3,7.5,Placed
96,79,83,63,64,2,1,7.18,Placed
44,95,23,50,87,2,1,9.23,Placed
70,46,71,36,78,5,1,5.9,Placed
85,42,42,38,81,0,0,8.81,Placed
93,79,67,82,74,4,0,9.84,Placed
46,74,41,27,57,1,2,5.57,Placed
57,90,71,93,90,1,0,6.87,Placed
100,33,74,94,21,1,1,5.94,Placed
97,43,72,92,90,0,0,9.98,Placed
96,54,43,70,54,3,0,5.3,Placed
74,23,29,77,79,0,1,9.03,Placed
45,71,44,77,25,2,0,9.71,Placed
58,94,45,46,43,3,3,5.92,Placed
98,55,68,93,48,0,3,5.8,Placed
57,76,75,50,91,0,1,9.79,Placed
42,70,61,53,27,1,2,8.08,Placed
79,90,61,33,97,1,1,5.64,Placed
84,40,83,43,89,0,1,9.47,Placed
47,69,48,64,26,2,3,5.3,Placed
93,75,73,77,70,5,2,9.12,Placed
69,41,90,58,65,1,3,6.32,Placed
87,100,95,67,22,3,0,7.53,Placed
74,75,58,20,73,5,3,9.97,Placed
88,72,22,41,25,4,0,8.33,Placed
99,33,92,41,96,0,1,5.93,Placed
44,67,58,50,99,0,2,6.3,Placed
76,24,94,48,42,1,2,9.79,Placed
55,46,42,20,41,1,2,5.34,Placed
49,67,62,64,27,0,1,9.95,Placed
58,62,24,48,71,4,2,8.48,Placed
53,99,44,51,44,1,2,9.25,Placed
65,40,95,74,36,0,0,6.73,Placed
87,88,49,35,36,2,2,5.45,Placed
96,94,27,76,62,4,3,6.57,Placed
95,98,96,98,37,0,0,5.71,Placed
71,71,45,29,81,3,2,7.94,Placed
57,40,28,21,69,1,2,8.2,Placed
76,46,77,63,99,0,1,5.9,Placed
68,29,49,32,81,2,1,8.61,Placed
48,74,55,80,60,1,3,6.26,Placed
46,38,23,99,74,0,3,9.04,Placed
54,23,20,93,95,1,2,6.58,Placed
48,54,27,44,41,5,0,5.31,Placed
84,49,62,65,21,2,0,6.35,Placed
86,37,32,94,33,2,1,8.33,Placed
43,86,76,82,95,3,1,6.3,Placed
78,36,67,52,36,1,0,7.51,Placed
55,52,100,61,89,0,1,8.68,Placed
40,58,89,81,83,0,3,7.46,Placed
64,93,45,46,50,1,3,6.77,Placed
62,99,27,41,63,3,2,9.8,Placed
57,27,86,62,84,2,1,9.15,Placed
74,41,61,75,81,1,3,8.94,Placed
41,85,54,70,81,1,1,6.81,Placed
99,47,60,67,30,4,3,5.84,Placed
50,42,43,64,21,0,1,6.76,Placed
90,71,41,58,77,1,3,5.94,Placed
88,52,43,21,31,1,1,6.23,Placed
57,31,56,92,93,1,0,8.94,Placed
78,73,70,41,76,0,1,7.05,Placed
40,53,63,26,94,2,3,5.97,Placed
44,81,56,25,22,5,1,8.07,Placed
43,30,93,48,51,2,1,7.69,Placed
51,37,40,58,79,0,0,9.75,Placed
54,68,20,25,73,0,1,7.31,Placed
82,24,61,71,55,3,0,9.62,Placed
87,73,27,80,75,1,3,6.41,Placed
85,87,65,21,21,4,2,6.14,Placed
51,45,54,74,31,3,3,8.3,Placed
94,48,34,46,45,3,0,5.06,Placed
99,99,53,56,31,3,2,5.69,Placed
52,32,69,64,55,2,0,9.58,Placed
52,78,42,79,80,5,3,7.62,Placed
70,73,24,74,46,2,2,5.9,Placed
42,55,74,28,80,2,2,5.5,Placed
75,76,22,31,83,4,1,5.86,Placed
84,43,25,41,56,4,1,7.23,Placed
57,54,29,83,41,1,2,6.73,Placed
89,62,45,84,69,4,2,7.24,Placed
88,21,41,65,57,4,2,8.73,Placed
64,37,73,91,92,0,2,8.44,Placed
51,45,86,75,54,0,0,9.9,Placed
40,96,63,49,84,2,2,7.41,Placed
100,54,42,31,70,5,2,6.17,Placed
89,95,97,22,24,4,1,7.38,Placed
44,53,74,26,59,3,3,8.69,Placed
58,48,78,84,86,2,2,6.06,Placed
43,70,68,30,89,3,2,9.39,Placed
56,73,79,36,69,1,3,7.77,Placed
91,28,67,58,31,4,2,9.08,Placed
87,97,93,24,27,1,3,7.38,Placed
84,41,93,34,21,4,2,6.67,Placed
84,78,91,69,22,2,1,6.82,Placed
88,74,24,63,24,1,1,7.22,Placed
98,74,95,85,51,1,0,6.98,Placed
81,76,47,22,71,3,0,7.74,Placed
48,43,43,73,72,3,2,8.88,Placed
79,22,85,77,85,5,3,6.65,Placed
72,62,96,25,69,3,1,7.86,Placed
53,58,41,85,99,4,3,9.94,Placed
41,60,61,22,58,4,1,5.69,Placed
47,78,27,53,91,3,0,7.73,Placed
65,76,23,72,70,1,1,9.19,Placed
88,28,71,40,93,5,0,7.37,Placed
100,94,94,42,85,4,0,8.36,Placed
76,88,40,82,35,4,1,7.09,Placed
60,46,49,79,31,3,0,7.67,Placed
92,59,98,53,41,3,2,5.79,Placed
53,95,88,50,31,5,1,9.79,Placed
59,96,22,34,56,2,3,7.25,Placed
64,96,42,28,98,2,3,5.95,Placed
63,53,97,87,40,2,1,7.81,Placed
72,55,51,26,38,5,0,7.33,Placed
74,34,73,80,84,0,3,8.17,Placed
81,54,48,34,63,5,0,5.51,Placed
81,52,94,38,85,0,2,5.01,Placed
100,77,25,34,80,0,1,7.06,Placed
59,25,77,26,46,0,0,7.59,Placed
97,28,78,40,71,1,1,8.0,Placed
66,90,42,57,58,4,2,8.76,Placed
41,22,78,38,86,4,2,9.76,Placed
51,79,100,55,31,0,3,7.7,Placed
67,95,34,96,69,0,1,9.0,Placed
65,70,36,21,91,0,1,9.2,Placed
55,99,35,78,27,5,1,9.97,Placed
66,44,53,55,54,1,2,9.02,Placed
64,100,43,52,62,4,3,9.5,Placed
45,42,21,57,38,2,1,8.29,Placed
63,47,72,96,22,4,0,9.69,Placed
49,48,78,66,51,0,1,7.76,Placed
57,92,77,71,27,1,3,8.25,Placed
68,20,36,57,51,3,2,5.66,Placed
88,59,25,65,65,1,3,6.28,Placed
88,30,88,76,67,2,0,9.85,Placed
95,71,54,85,89,1,0,6.76,Placed
85,92,77,83,51,4,2,6.38,Placed
85,71,72,39,45,1,1,7.14,Placed
64,71,79,97,99,4,3,6.42,Placed
44,36,67,94,59,4,3,9.84,Placed
94,42,37,26,52,1,3,5.92,Placed
66,92,99,36,21,3,3,6.99,Placed
69,92,94,72,42,1,2,6.88,Placed
77,96,39,95,97,5,1,6.08,Placed
88,90,81,71,91,4,3,8.55,Placed
68,98,43,67,75,0,2,5.61,Placed
56,87,42,26,86,2,1,5.48,Placed
52,97,87,44,96,0,1,9.96,Placed
65,21,23,20,28,2,2,5.25,Placed
82,79,71,38,98,5,0,9.78,Placed
59,49,24,56,92,0,1,6.5,Placed
41,46,86,93,83,2,1,9.51,Placed
93,89,80,36,24,4,3,8.22,Placed
93,69,58,40,37,2,0,6.65,Placed
85,39,27,86,43,1,2,9.16,Placed
41,92,82,74,74,4,0,8.11,Placed
56,91,99,71,36,4,0,8.25,Placed
94,67,71,88,36,0,0,7.37,Placed
63,51,100,20,77,4,3,7.05,Placed
99,87,75,93,62,3,1,8.79,Placed
81,57,20,59,51,2,3,6.29,Placed
85,40,60,48,29,5,1,7.41,Placed
79,60,71,32,21,0,3,7.45,Placed
52,41,29,83,64,0,1,7.1,Placed
88,93,42,25,38,5,2,9.17,Placed
87,94,96,29,95,1,3,5.97,Placed
69,25,44,58,43,2,2,6.38,Placed
68,56,90,97,20,2,3,7.16,Placed
68,88,73,36,48,2,0,9.62,Placed
96,20,80,72,61,0,0,8.93,Placed
80,24,91,65,31,3,1,9.81,Placed
50,88,95,64,30,2,2,6.92,Placed
56,24,97,29,91,2,0,6.72,Placed
74,30,32,61,77,2,2,8.59,Placed
79,70,66,51,97,5,0,9.61,Placed
43,82,80,20,26,2,0,7.94,Placed
97,21,59,60,59,0,2,9.92,Placed
88,51,97,89,39,1,0,9.02,Placed
41,46,95,68,70,1,0,6.19,Placed
63,89,90,71,55,5,0,8.3,Placed
74,89,21,39,70,2,1,8.04,Placed
61,31,68,56,75,5,1,9.33,Placed
86,50,63,73,36,1,0,9.66,Placed
78,79,58,53,22,4,0,8.81,Placed
93,75,82,25,84,5,3,9.96,Placed
42,96,41,25,35,4,0,7.7,Placed
86,100,56,48,30,0,1,8.4,Placed
98,38,69,68,32,0,2,7.69,Placed
75,63,91,26,63,1,3,6.2,Placed
82,35,34,96,71,0,2,9.97,Placed
91,40,38,22,60,1,3,8.39,Placed
70,81,54,66,55,2,3,8.63,Placed
90,27,88,37,45,0,3,8.75,Placed
58,69,29,99,93,2,1,7.88,Placed
66,82,69,72,36,3,1,6.24,Placed
84,93,68,20,66,1,0,5.69,Placed
64,29,88,58,22,1,2,7.43,Placed
75,77,20,47,69,4,3,5.24,Placed
99,26,70,50,25,3,3,6.19,Placed
93,21,67,25,36,5,0,8.23,Placed
67,54,21,99,89,4,0,5.05,Placed
53,95,25,95,35,1,0,9.03,Placed
55,23,38,66,37,0,2,6.69,Placed
84,45,78,67,92,3,2,6.16,Placed
47,93,43,70,25,0,3,5.21,Placed
95,79,64,83,57,5,2,6.29,Placed
57,100,95,37,25,2,2,8.74,Placed
78,56,56,62,48,4,0,5.62,Placed
41,100,91,35,90,4,3,6.74,Placed
62,87,47,56,56,2,3,9.9,Placed
50,41,96,67,39,0,3,8.08,Placed
43,60,72,68,21,1,3,5.51,Placed
66,37,59,89,74,0,3,5.05,Placed
68,39,73,71,22,1,1,6.77,Placed
44,66,84,66,23,0,2,9.77,Placed
83,20,28,76,49,5,0,7.12,Placed
91,32,60,74,26,2,3,7.86,Placed
63,36,42,52,58,0,1,6.23,Placed
60,59,76,92,53,0,3,9.84,Placed
86,66,47,32,60,5,3,7.92,Placed
60,78,35,93,30,5,3,7.17,Placed
87,58,71,94,47,3,2,6.94,Placed
47,90,50,44,61,5,3,6.32,Placed
82,91,78,70,90,0,2,8.43,Placed
43,43,51,81,80,5,0,7.71,Placed
55,20,32,92,43,1,0,8.02,Placed
67,82,50,47,44,1,3,6.06,Placed
83,37,46,92,71,2,2,5.2,Placed
95,91,37,61,50,1,3,9.67,Placed
97,78,68,99,95,5,1,6.29,Placed
68,80,50,99,40,1,2,8.26,Placed
42,37,50,43,22,4,0,6.26,Placed
40,28,74,98,44,1,1,7.58,Placed
58,37,47,58,83,5,0,8.02,Placed
73,39,97,21,81,2,2,9.31,Placed
61,54,63,36,69,0,3,6.62,Placed
76,97,99,28,45,4,1,5.62,Placed
40,70,56,51,47,5,1,5.92,Placed
88,75,100,39,36,3,3,7.34,Placed
53,46,29,73,84,5,0,9.77,Placed
65,58,81,23,76,0,1,7.79,Placed
43,50,68,24,62,4,2,5.85,Placed
72,58,37,100,56,0,0,8.2,Placed
90,58,26,36,83,2,0,8.38,Placed
95,75,80,66,84,1,3,7.27,Placed
48,67,92,20,75,1,0,9.21,Placed
55,71,44,85,65,5,3,9.42,Placed
90,53,72,29,56,4,3,6.34,Placed
78,82,95,46,33,4,1,9.9,Placed
84,93,82,93,89,5,2,9.21,Placed
78,29,52,96,84,3,0,7.95,Placed
79,60,60,21,56,4,1,5.71,Placed
66,75,57,47,36,1,1,9.88,Placed
56,68,32,36,32,1,0,8.3,Placed
98,33,62,98,56,4,2,6.14,Placed
41,20,29,43,77,3,1,5.69,Placed
52,95,87,58,83,2,1,9.13,Placed
99,40,63,70,79,5,3,5.32,Placed
72,84,87,38,36,1,3,7.63,Placed
74,81,27,62,89,2,0,6.94,Placed
43,69,29,45,52,4,2,7.0,Placed
69,93,96,88,54,3,0,8.77,Placed
60,85,74,76,99,2,3,5.96,Placed
83,89,50,20,99,3,1,6.01,Placed
91,35,26,89,27,4,1,7.09,Placed
64,71,36,20,32,3,2,6.78,Placed
60,77,84,72,55,2,3,8.33,Placed
73,71,61,61,65,3,2,5.5,Placed
51,52,80,75,55,0,0,5.26,Placed
73,77,63,86,73,4,1,6.46,Placed
43,65,29,73,68,2,2,6.63,Placed
49,42,52,58,53,0,3,9.66,Placed
40,38,45,45,87,3,3,5.08,Placed
89,49,60,80,25,5,0,7.26,Placed
55,72,44,25,99,2,2,5.77,Placed
53,85,72,27,42,0,2,8.66,Placed
74,98,88,48,23,4,2,8.73,Placed
53,54,94,21,94,3,0,9.12,Placed
70,96,82,93,82,1,2,6.68,Placed
49,91,54,34,46,2,3,8.05,Placed
73,21,58,60,25,3,1,6.77,Placed
89,68,82,58,85,0,2,7.49,Placed
80,48,93,52,22,2,0,5.7,Placed
67,20,41,98,52,2,1,8.25,Placed
91,25,49,31,65,4,1,6.66,Placed
57,98,22,79,44,2,1,5.2,Placed
46,92,76,78,80,2,3,7.3,Placed
79,66,34,59,28,4,3,8.69,Placed
98,86,40,45,20,4,1,9.2,Placed
60,86,70,85,55,0,3,5.8,Placed
81,48,41,74,23,5,2,8.61,Placed
64,99,55,41,78,3,3,6.46,Placed
73,46,32,76,44,5,0,6.92,Placed
51,95,47,31,67,0,0,7.34,Placed
72,39,57,38,68,2,2,7.82,Placed
66,99,90,95,22,3,1,6.18,Placed
69,38,48,80,35,3,0,9.9,Placed
96,41,49,80,93,0,0,8.54,Placed
90,74,60,54,89,5,3,5.28,Placed
96,90,55,79,77,4,2,8.52,Placed
44,100,76,73,83,2,2,6.01,Placed
73,29,89,89,99,5,0,9.21,Placed
87,46,79,85,28,2,0,6.6,Placed
78,27,91,94,58,2,3,5.84,Placed
92,90,46,84,53,4,3,7.06,Placed
73,22,39,22,81,3,0,5.75,Placed
77,71,33,43,34,5,0,8.16,Placed
61,31,90,89,32,1,3,9.24,Placed
90,32,85,37,23,5,3,5.04,Placed
65,69,96,24,35,0,3,7.93,Placed
54,81,38,95,91,1,3,7.77,Placed
97,49,48,55,85,5,3,8.31,Placed
78,78,25,51,60,0,3,7.45,Placed
69,85,98,72,86,5,1,9.98,Placed
52,63,65,77,21,3,3,6.18,Placed
46,41,47,32,61,2,2,8.16,Placed
83,60,76,24,65,1,0,7.62,Placed
79,97,48,86,55,5,2,6.32,Placed
59,67,85,88,46,0,0,6.56,Placed
59,81,26,33,39,1,2,9.25,Placed
52,71,88,76,34,2,3,9.1,Placed
89,88,97,29,24,4,3,9.39,Placed
68,99,77,88,26,1,1,8.19,Placed
59,100,54,65,74,4,2,6.32,Placed
70,93,57,23,49,3,3,9.77,Placed
92,22,28,75,47,1,2,7.4,Placed
88,83,84,46,35,2,3,6.83,Placed
85,40,96,38,76,1,0,7.55,Placed
75,46,24,37,92,0,2,7.8,Placed
98,58,40,49,49,1,2,5.45,Placed
94,67,28,90,64,5,2,7.69,Placed
77,75,69,23,79,1,2,6.46,Placed
64,80,52,69,42,5,0,6.73,Placed
80,93,65,89,56,5,0,9.61,Placed
71,54,98,34,74,0,3,5.01,Placed
40,40,41,29,85,5,0,7.02,Placed
75,29,56,32,49,2,2,8.34,Placed
64,27,95,52,91,1,3,9.05,Placed
58,23,36,95,36,4,3,6.44,Placed
80,50,45,23,39,3,2,9.85,Placed
87,23,93,94,69,5,1,5.58,Placed
97,44,73,68,77,3,0,8.0,Placed
64,73,72,75,29,0,1,9.99,Placed
87,70,50,55,42,0,1,8.97,Placed
93,36,37,48,54,4,0,5.36,Placed
53,76,74,90,48,3,3,6.79,Placed
87,22,32,80,77,4,0,6.64,Placed
80,58,55,71,35,2,2,5.13,Placed
50,47,51,64,28,3,2,9.26,Placed
98,66,75,59,37,3,0,5.55,Placed
64,51,82,36,68,1,0,7.84,Placed
90,65,68,98,62,2,1,8.2,Placed
71,76,68,53,31,2,0,5.13,Placed
99,90,61,20,42,5,2,6.72,Placed
86,46,54,56,52,4,3,7.41,Placed
51,88,88,49,93,0,2,7.34,Placed
55,49,28,52,66,2,3,8.66,Placed
84,30,67,81,57,4,1,5.74,Placed
45,34,53,95,78,4,3,7.95,Placed
60,47,28,37,21,2,0,7.92,Placed
58,51,76,83,75,3,0,7.57,Placed
43,87,67,84,26,0,0,8.62,Placed
74,81,51,30,59,1,0,6.62,Placed
100,28,52,49,75,3,3,5.85,Placed
46,21,82,90,29,4,3,5.49,Placed
79,71,100,87,60,3,2,5.64,Placed
88,78,26,72,90,5,0,5.71,Placed
67,94,45,51,29,2,2,5.9,Placed
87,45,21,71,24,0,1,5.98,Placed
51,84,75,62,62,5,0,8.38,Placed
98,37,41,56,32,0,2,8.94,Placed
41,71,72,81,24,0,2,5.38,Placed
60,95,92,38,22,0,3,7.12,Placed
55,46,86,38,36,1,1,6.39,Placed
42,60,49,95,36,1,1,5.24,Placed
64,37,23,32,98,0,0,5.57,Placed
53,52,88,59,46,1,0,5.96,Placed
81,42,66,43,86,3,0,8.98,Placed
50,51,96,52,62,3,2,6.67,Placed
53,58,43,84,71,2,2,8.05,Placed
67,20,42,53,94,4,3,7.15,Placed
57,42,26,94,65,1,3,8.75,Placed
80,80,100,51,55,5,2,5.89,Placed
70,49,65,71,31,2,1,9.99,Placed
65,67,62,92,28,2,3,8.82,Placed
64,40,67,51,85,0,3,7.08,Placed
46,54,80,67,48,1,3,9.24,Placed
84,67,40,56,76,2,3,7.17,Placed
60,49,63,46,91,4,3,5.64,Placed
80,93,90,63,51,1,2,6.01,Placed
98,69,83,95,39,2,0,6.69,Placed
45,40,78,73,45,5,1,6.62,Placed
53,56,72,90,62,4,3,6.23,Placed
76,23,72,32,70,5,1,6.48,Placed
70,95,50,98,97,4,0,7.08,Placed
62,48,84,30,32,3,1,8.47,Placed
45,23,51,22,83,1,3,5.65,Placed
43,80,41,20,32,2,3,9.07,Placed
75,22,91,37,69,5,2,7.87,Placed
47,36,35,56,70,1,2,8.91,Placed
68,70,43,61,55,1,1,6.94,Placed
84,57,64,71,46,1,0,7.3,Placed
87,94,95,100,58,0,1,6.98,Placed
76,53,84,30,34,1,3,8.51,Placed
64,57,92,78,31,4,3,7.26,Placed
83,23,72,90,48,1,2,6.1,Placed
47,24,33,69,33,1,2,8.93,Placed
76,23,34,71,51,4,2,8.66,Placed
42,30,44,48,49,2,2,6.08,Placed
98,73,81,46,55,4,0,6.41,Placed
92,92,89,53,31,5,0,9.78,Placed
95,75,83,96,47,0,0,9.97,Placed
98,89,31,33,71,0,2,7.89,Placed
85,95,30,23,26,2,1,9.47,Placed
42,39,87,91,73,3,0,7.02,Placed
74,24,29,99,97,0,1,6.46,Placed
47,45,53,84,62,2,2,9.44,Placed
43,46,60,45,29,3,0,8.48,Placed
76,32,82,95,32,1,3,5.29,Placed
60,81,32,31,83,0,1,9.38,Placed
90,32,94,59,22,1,2,9.53,Placed
82,20,40,86,91,5,0,6.45,Placed
47,36,88,78,100,2,2,5.68,Placed
71,29,97,47,75,3,2,7.45,Placed
58,74,44,97,29,1,0,5.19,Placed
80,83,58,98,34,5,3,5.61,Placed
76,56,41,51,39,0,2,6.42,Placed
43,29,50,30,62,1,2,5.26,Placed
78,75,43,69,28,3,2,9.07,Placed
61,41,61,42,83,5,2,9.47,Placed
40,37,66,56,82,5,0,9.67,Placed
69,94,89,96,98,2,2,7.13,Placed
78,56,84,92,96,1,0,5.15,Placed
46,95,100,63,75,3,2,9.7,Placed
98,71,46,66,66,4,2,9.43,Placed
94,43,77,31,78,1,3,7.02,Placed
88,66,71,66,23,2,3,9.37,Placed
70,22,25,30,57,5,2,5.56,Placed
54,20,68,85,73,1,2,5.2,Placed
84,85,76,33,20,0,3,7.05,Placed
78,27,54,32,82,1,1,5.04,Placed
66,41,44,84,34,0,2,9.35,Placed
82,40,37,49,38,4,1,5.9,Placed
75,39,56,21,88,2,3,6.63,Placed
49,87,44,65,97,4,2,5.16,Placed
57,31,24,90,54,3,0,6.14,Placed
96,33,34,51,64,5,0,9.13,Placed
100,60,44,60,76,1,1,8.83,Placed
73,95,36,20,75,2,0,8.2,Placed
99,66,82,91,25,4,3,7.62,Placed
41,36,89,22,29,0,2,5.51,Placed
58,62,51,58,29,4,2,9.36,Placed
48,85,32,53,56,3,3,9.0,Placed
58,100,36,90,24,1,0,8.21,Placed
83,91,98,48,22,3,1,8.78,Placed
71,91,23,49,79,4,0,8.34,Placed
46,48,99,76,52,1,3,7.98,Placed
40,60,62,90,61,2,3,8.92,Placed
77,93,59,22,89,2,1,7.88,Placed
87,20,73,97,75,4,0,8.45,Placed
62,39,86,97,89,3,0,6.89,Placed
86,26,69,62,73,3,1,6.17,Placed
88,54,67,76,25,0,3,6.59,Placed
68,73,31,48,73,5,0,6.49,Placed
97,90,27,37,65,1,0,7.56,Placed
52,81,71,98,98,1,3,6.48,Placed
59,78,83,43,61,0,2,8.38,Placed
55,38,52,42,47,2,0,8.83,Placed
57,30,78,36,59,0,2,6.71,Placed
100,70,96,33,61,4,2,6.58,Placed
58,94,23,69,42,3,3,5.07,Placed
57,41,67,77,27,1,1,6.11,Placed
49,99,63,96,57,2,1,9.65,Placed
94,30,61,88,37,4,3,6.13,Placed
57,22,37,97,75,3,1,9.52,Placed
84,99,96,31,76,1,0,7.43,Placed
100,40,96,37,36,0,2,5.44,Placed
69,89,42,35,65,5,1,7.95,Placed
97,71,68,97,46,3,0,6.98,Placed
48,65,24,47,35,1,1,7.5,Placed
59,88,65,20,43,1,0,7.09,Placed
82,94,26,33,93,1,1,6.06,Placed
79,48,82,97,82,0,0,5.01,Placed
81,22,43,94,63,3,0,6.88,Placed
51,63,68,55,83,0,2,6.77,Placed
78,59,20,77,94,4,1,6.13,Placed
58,64,47,37,49,0,3,8.25,Placed
69,79,88,29,56,2,3,6.45,Placed
86,56,51,76,21,5,0,8.07,Placed
100,65,45,98,33,0,3,9.87,Placed
67,73,74,63,27,2,1,8.29,Placed
81,73,28,36,23,4,1,7.77,Placed
92,61,81,90,27,3,0,8.99,Placed
79,27,39,36,51,0,0,6.95,Placed
80,90,76,23,69,5,3,8.16,Placed
53,62,51,37,39,1,3,5.62,Placed
62,94,39,29,37,3,2,8.24,Placed
63,73,48,83,30,0,2,9.23,Placed
78,59,44,22,25,0,1,7.27,Placed
61,51,92,88,92,5,1,9.37,Placed
84,29,46,38,53,3,2,8.0,Placed
80,84,68,68,98,1,1,9.85,Placed
88,88,53,33,82,5,1,9.01,Placed
71,72,63,92,29,2,1,9.6,Placed
48,25,32,32,55,5,0,9.07,Placed
91,65,40,74,70,2,1,7.16,Placed
95,48,67,28,38,3,1,9.97,Placed
60,64,48,51,82,2,3,6.57,Placed
88,69,98,80,72,2,3,7.56,Placed
77,74,40,41,55,4,2,8.54,Placed
93,35,22,59,72,5,1,6.57,Placed
66,94,36,92,73,2,3,7.67,Placed
61,34,38,26,73,1,3,9.38,Placed
85,83,42,96,49,5,2,8.51,Placed
79,76,94,47,52,5,2,9.33,Placed
44,36,93,34,58,3,2,9.51,Placed
51,38,45,57,83,3,0,6.43,Placed
62,83,92,79,37,2,0,9.32,Placed
58,26,78,23,46,1,1,5.47,Placed
68,91,38,51,44,3,1,8.47,Placed
99,92,54,60,28,5,3,7.44,Placed
89,76,21,70,45,3,1,8.35,Placed
94,86,74,45,20,0,0,9.94,Placed
96,39,23,26,86,2,2,5.63,Placed
92,52,89,46,46,1,3,9.25,Placed
83,93,68,22,85,1,3,7.49,Placed
87,30,46,68,21,2,2,8.03,Placed
58,75,96,37,23,4,2,9.59,Placed
57,92,26,34,44,1,2,8.11,Placed
88,31,92,47,67,0,0,5.39,Placed
97,62,57,70,34,3,2,8.94,Placed
73,27,89,26,47,4,0,6.43,Placed
80,28,27,56,27,2,1,5.32,Placed
65,69,85,63,29,5,1,9.17,Placed
52,86,33,55,85,5,1,7.39,Placed
69,60,65,84,26,1,0,8.12,Placed
40,33,71,86,60,3,2,7.24,Placed
71,77,90,53,24,0,0,5.77,Placed
69,33,71,97,87,5,1,7.42,Placed
46,75,31,33,66,4,3,7.12,Placed
91,86,74,34,30,4,3,9.13,Placed
64,76,65,94,86,1,1,5.8,Placed
44,80,25,61,23,2,1,6.87,Placed
56,65,89,28,95,2,3,6.64,Placed
85,39,89,67,51,2,1,9.94,Placed
77,95,85,40,56,1,3,7.0,Placed
49,32,79,81,62,4,0,5.33,Placed
61,89,54,74,74,4,3,8.02,Placed
53,20,45,20,39,4,2,6.02,Placed
97,79,42,81,69,3,1,6.28,Placed
44,67,27,41,60,1,2,9.72,Placed
67,33,50,20,89,3,1,9.71,Placed
40,88,92,80,36,5,0,8.19,Placed
88,48,91,41,81,3,3,7.28,Placed
87,34,35,84,57,1,2,5.64,Placed
86,81,84,69,45,0,0,5.04,Placed
98,30,38,29,26,1,2,5.7,Placed
58,57,82,47,26,2,3,9.24,Placed
84,77,80,32,99,5,3,9.67,Placed
83,94,94,100,80,0,3,6.82,Placed
79,75,64,71,71,3,3,6.48,Placed
78,98,68,87,50,1,2,8.89,Placed
41,22,98,66,39,1,2,9.72,Placed
83,68,66,45,78,4,1,9.79,Placed
51,36,31,94,29,2,1,9.92,Placed
85,21,78,22,66,5,2,7.39,Placed
55,73,26,34,62,3,0,5.41,Placed
100,62,24,32,25,0,3,8.54,Placed
98,39,73,21,23,4,0,5.67,Placed
62,91,93,46,53,3,2,7.99,Placed
95,91,46,48,60,2,1,6.79,Placed
97,31,96,43,33,2,3,7.36,Placed
45,52,69,51,84,3,3,9.27,Placed
83,50,39,22,46,0,3,8.46,Placed
92,72,74,66,38,4,1,6.55,Placed
74,62,53,95,41,5,3,8.35,Placed
58,20,25,24,38,0,3,8.32,Placed
45,58,68,22,60,0,0,7.8,Placed
61,55,46,38,83,0,3,9.77,Placed
52,27,45,50,60,3,1,6.91,Placed
85,45,21,31,27,0,0,7.95,Placed
73,96,95,50,28,4,3,7.61,Placed
86,20,59,88,25,1,1,6.68,Placed
100,55,28,62,89,4,1,8.12,Placed
43,99,49,26,53,5,1,8.17,Placed
66,74,31,51,73,3,1,7.67,Placed
81,23,85,30,37,1,3,7.6,Placed
62,93,58,78,52,3,0,9.36,Placed
98,48,29,31,24,2,1,8.37,Placed
87,51,21,98,75,3,1,8.02,Placed
79,84,57,37,32,4,0,8.73,Placed
48,74,97,49,80,3,2,8.24,Placed
88,33,71,82,74,3,0,7.55,Placed
70,70,36,87,89,1,3,9.63,Placed
67,89,87,65,23,0,3,9.4,Placed
90,40,78,71,42,4,1,5.92,Placed
67,75,76,85,85,0,1,7.24,Placed
65,30,70,61,41,1,0,7.32,Placed
77,94,50,60,92,4,0,5.68,Placed
61,99,81,81,79,1,3,6.61,Placed
78,83,68,57,23,4,1,9.56,Placed
63,88,23,60,23,0,2,5.62,Placed
68,33,69,62,81,4,1,7.86,Placed
92,37,95,65,70,2,0,7.67,Placed
68,30,34,59,87,3,0,5.28,Placed
81,66,25,20,97,1,2,6.35,Placed
85,43,86,77,91,3,2,8.2,Placed
43,100,49,22,38,4,1,5.09,Placed
46,39,63,21,28,5,3,9.18,Placed
42,83,55,41,93,0,3,8.31,Placed
78,64,39,43,40,1,1,7.04,Placed
53,35,91,22,69,1,0,5.07,Placed
100,83,45,22,37,2,1,9.52,Placed
81,74,37,53,93,3,2,6.2,Placed
100,56,23,61,83,5,0,9.03,Placed
88,55,59,70,96,2,3,8.39,Placed
98,83,52,26,68,4,3,8.94,Placed
63,58,52,67,48,2,2,8.62,Placed
57,68,74,90,88,5,3,6.77,Placed
95,85,45,54,84,1,2,7.81,Placed
94,49,65,90,74,5,1,9.27,Placed
93,83,47,75,70,2,2,6.2,Placed
41,78,80,66,87,3,0,9.62,Placed
97,97,57,51,40,5,3,8.86,Placed
79,91,47,52,58,1,3,9.98,Placed
84,63,88,24,65,0,2,6.6,Placed
43,66,24,96,42,4,2,7.0,Placed
50,21,26,78,45,2,1,9.59,Placed
88,97,45,92,25,5,3,7.23,Placed
98,82,38,95,60,2,2,8.33,Placed
83,20,50,91,23,0,3,5.69,Placed
75,64,34,65,24,5,1,8.45,Placed
80,20,58,63,22,5,1,9.8,Placed
46,59,46,63,49,0,1,9.54,Placed
78,53,49,48,82,4,2,5.94,Placed
91,32,34,38,50,5,2,7.88,Placed
57,41,71,65,43,3,2,5.74,Placed
67,68,43,64,34,5,0,7.62,Placed
71,48,87,44,90,5,2,6.74,Placed
61,30,53,100,75,0,0,7.92,Placed
60,32,30,81,58,2,2,6.56,Placed
83,48,78,24,73,1,3,5.93,Placed
94,33,73,78,45,1,3,6.25,Placed
46,37,31,60,80,2,3,8.6,Placed
88,41,74,52,32,1,3,5.14,Placed
56,87,35,85,76,3,1,5.07,Placed
79,27,74,93,49,0,3,6.2,Placed
90,50,99,96,63,0,3,8.72,Placed
100,27,59,62,24,5,2,8.61,Placed
92,95,89,38,36,5,3,7.2,Placed
83,32,42,47,55,1,0,6.54,Placed
62,31,57,39,27,1,2,8.04,Placed
55,71,58,66,25,5,1,7.76,Placed
90,50,33,51,52,1,3,6.81,Placed
63,76,68,79,43,4,0,5.55,Placed
61,57,95,23,56,5,2,5.97,Placed
45,86,45,58,51,3,2,6.13,Placed
90,30,24,40,94,3,3,5.59,Placed
81,33,61,22,72,1,0,9.74,Placed
99,79,97,36,69,2,0,9.55,Placed
53,40,85,34,74,1,0,8.72,Placed
86,84,82,49,99,1,1,5.49,Placed
75,51,70,92,29,2,3,6.09,Placed
69,75,81,34,23,2,1,7.82,Placed
83,77,82,20,76,5,2,6.73,Placed
78,99,30,67,45,0,2,6.37,Placed
43,21,42,20,36,5,3,8.71,Placed
73,51,91,83,91,4,0,9.44,Placed
87,59,64,27,41,4,2,7.51,Placed
68,70,26,50,26,2,0,8.02,Placed
86,46,54,72,78,5,2,6.49,Placed
44,88,38,50,74,4,0,5.22,Placed
96,51,90,36,77,1,0,5.24,Placed
88,60,32,51,51,2,3,5.3,Placed
74,59,40,39,20,0,1,7.68,Placed
75,41,66,50,42,0,1,8.43,Placed
44,69,86,35,72,1,3,9.21,Placed
55,88,92,31,81,1,3,8.0,Placed
69,85,95,59,82,3,3,5.92,Placed
42,22,65,36,30,2,0,8.9,Placed
70,21,78,34,75,1,2,7.8,Placed
95,23,88,97,61,0,1,6.08,Placed
40,87,67,30,34,4,0,8.11,Placed
91,58,66,53,66,3,3,5.71,Placed
65,64,63,69,34,4,1,7.27,Placed
71,30,50,76,77,5,0,8.44,Placed
83,84,84,73,38,3,1,7.92,Placed
65,33,37,71,68,3,1,9.7,Placed
63,66,83,46,78,0,1,7.72,Placed
94,87,81,56,25,1,1,6.09,Placed
81,56,68,28,58,2,3,9.43,Placed
51,83,74,46,47,0,2,9.76,Placed
47,29,78,73,32,5,2,5.87,Placed
82,33,67,43,57,4,1,5.56,Placed
65,88,73,46,73,2,3,5.14,Placed
56,69,60,68,88,4,3,7.97,Placed
97,81,22,47,68,4,1,5.01,Placed
57,89,48,82,97,5,1,7.01,Placed
54,30,64,93,43,5,1,8.9,Placed
85,96,34,41,81,0,3,6.65,Placed
54,55,28,25,53,0,3,8.71,Placed
83,38,94,32,30,4,3,5.85,Placed
72,40,55,81,35,4,1,5.1,Placed
74,34,77,94,71,5,0,9.24,Placed
70,62,77,87,98,5,2,9.16,Placed
70,56,94,98,77,4,0,6.58,Placed
99,37,33,82,35,0,2,7.73,Placed
66,62,73,65,86,5,0,7.76,Placed
74,33,21,75,29,3,1,8.16,Placed
83,60,72,51,32,3,1,9.15,Placed
50,96,79,66,65,3,1,8.72,Placed
88,73,33,73,96,2,3,6.09,Placed
98,91,84,29,31,4,1,7.63,Placed
84,95,94,94,26,3,1,8.49,Placed
47,46,21,83,29,3,3,6.74,Placed
90,41,34,69,48,5,1,7.11,Placed
47,50,29,80,98,4,2,6.34,Placed
42,25,59,97,27,1,3,8.36,Placed
78,65,57,67,86,2,1,6.71,Placed
66,50,96,95,90,0,1,7.41,Placed
57,47,97,100,39,1,2,8.89,Placed
97,63,33,76,54,0,1,6.61,Placed
96,28,100,52,83,3,1,9.52,Placed
46,43,44,71,24,0,3,6.17,Placed
78,53,65,53,32,1,2,6.59,Placed
46,60,69,47,26,4,1,5.04,Placed
89,80,96,71,86,5,2,8.88,Placed
79,25,95,74,59,2,3,5.68,Placed
57,24,91,98,97,1,0,7.3,Placed
80,44,62,31,73,3,0,5.33,Placed
53,47,99,80,44,3,3,5.14,Placed
84,37,35,81,48,5,2,9.87,Placed
85,43,59,36,41,5,1,8.67,Placed
100,54,32,98,87,5,1,9.05,Placed
43,72,51,43,50,3,2,6.54,Placed
40,32,89,32,59,2,2,5.84,Placed
88,90,54,39,23,1,2,6.22,Placed
93,67,20,96,59,3,3,6.76,Placed
97,31,35,85,74,5,0,9.9,Placed
66,55,21,98,93,2,0,6.54,Placed
62,44,99,89,99,5,0,9.49,Placed
69,24,60,59,37,2,2,9.95,Placed
83,99,27,85,42,3,0,8.34,Placed
92,29,23,45,60,3,2,8.08,Placed
51,93,95,42,24,5,1,6.21,Placed
64,68,75,94,74,4,1,8.88,Placed
76,64,49,49,88,3,0,7.84,Placed
45,28,100,89,44,4,0,9.18,Placed
90,49,59,36,55,5,1,6.47,Placed
64,74,42,85,44,2,3,5.96,Placed
91,58,86,88,97,1,1,6.29,Placed
70,67,33,87,68,3,2,8.66,Placed
72,75,66,56,42,2,1,8.64,Placed
51,69,99,37,90,2,2,5.1,Placed
57,46,63,22,93,2,1,9.87,Placed
94,91,86,99,67,4,2,9.4,Placed
98,81,100,21,51,4,3,9.03,Placed
78,74,56,61,46,2,0,9.2,Placed
70,71,62,25,53,3,0,9.01,Placed
73,45,20,24,95,4,2,6.37,Placed
75,85,78,47,55,2,3,8.33,Placed
73,75,75,77,95,4,2,7.28,Placed
66,33,78,22,75,4,0,5.43,Placed
56,99,76,30,30,0,1,8.99,Placed
56,77,33,63,70,3,2,7.09,Placed
86,61,20,63,29,4,3,9.72,Placed
83,32,69,82,57,2,1,6.02,Placed
84,46,67,98,75,4,2,5.09,Placed
99,55,61,22,62,3,3,9.28,Placed
76,49,82,63,59,0,1,9.12,Placed
87,53,42,91,75,0,3,9.16,Placed
74,95,41,62,77,0,2,9.79,Placed
94,36,62,27,50,4,2,9.36,Placed
71,74,42,68,58,4,0,8.15,Placed
88,51,86,56,93,1,3,9.3,Placed
95,26,69,45,61,4,2,6.1,Placed
86,30,22,30,38,3,3,8.01,Placed
45,98,46,20,57,5,2,5.74,Placed
95,82,78,64,87,3,3,5.24,Placed
53,69,61,73,38,0,1,8.74,Placed
53,52,58,56,47,5,2,7.01,Placed
89,96,68,51,49,0,0,8.37,Placed
49,45,48,67,76,5,3,5.44,Placed
85,26,77,48,35,3,2,6.4,Placed
62,79,79,74,42,5,3,9.45,Placed
64,51,70,76,88,2,0,7.55,Placed
97,90,97,82,83,2,3,9.83,Placed
94,67,98,54,56,5,1,9.7,Placed
93,84,62,37,95,2,1,7.23,Placed
69,52,23,50,80,3,3,7.1,Placed
70,56,23,53,39,0,3,7.11,Placed
62,30,59,96,76,2,1,6.49,Placed
44,60,80,46,46,0,0,8.94,Placed
81,25,93,55,24,3,2,6.99,Placed
86,84,39,50,57,5,2,6.72,Placed
73,62,74,66,51,2,1,9.57,Placed
95,36,72,75,24,5,0,9.31,Placed
42,53,79,23,93,5,0,5.35,Placed
87,51,59,94,66,3,0,5.39,Placed
84,96,84,92,95,5,3,9.17,Placed
45,31,90,33,60,4,1,8.74,Placed
68,55,71,74,29,2,2,7.35,Placed
67,31,85,72,85,3,0,6.4,Placed
69,94,72,71,69,4,1,8.54,Placed
41,67,37,67,71,2,2,5.08,Placed
81,99,28,55,41,5,1,8.46,Placed
40,43,93,43,83,3,2,9.28,Placed
60,55,81,50,99,4,3,5.87,Placed
49,28,52,27,65,0,1,9.38,Placed
74,69,68,24,59,3,2,7.26,Placed
55,47,90,95,31,2,3,8.67,Placed
72,63,41,53,78,2,2,9.14,Placed
40,44,61,97,53,2,0,5.08,Placed
97,41,48,84,81,5,1,9.19,Placed
45,88,72,72,59,3,3,6.51,Placed
53,31,46,66,29,4,1,5.04,Placed
62,85,67,45,54,3,2,7.67,Placed
45,64,46,99,87,4,2,8.19,Placed
84,35,82,90,97,2,2,9.38,Placed
91,99,27,93,86,2,0,9.58,Placed
75,68,62,66,86,0,3,7.3,Placed
88,99,42,47,88,1,0,7.94,Placed
59,88,93,31,90,5,0,8.66,Placed
52,88,28,53,69,1,2,5.64,Placed
78,42,59,40,33,5,2,7.87,Placed
87,50,26,95,33,1,0,7.58,Placed
49,80,44,57,31,0,2,8.62,Placed
45,45,51,30,62,5,2,6.81,Placed
94,26,28,61,48,0,1,5.29,Placed
59,57,21,77,76,4,0,8.36,Placed
46,26,98,72,66,4,2,8.32,Placed
60,60,78,72,75,1,2,6.63,Placed
96,58,35,91,43,4,0,5.71,Placed
100,98,96,54,63,1,0,7.08,Placed
83,30,99,33,22,3,0,9.59,Placed
87,68,68,98,31,0,0,9.48,Placed
96,87,36,40,52,1,0,7.02,Placed
49,73,84,36,39,5,0,8.16,Placed
71,65,71,41,68,4,3,9.77,Placed
41,87,44,100,54,3,0,8.73,Placed
40,64,92,49,37,5,2,7.46,Placed
88,36,90,100,78,0,1,5.79,Placed
41,25,79,54,91,2,3,8.68,Placed
56,44,91,79,35,1,2,5.44,Placed
61,43,25,62,85,5,0,8.53,Placed
49,100,86,71,22,3,0,6.44,Placed
41,42,43,53,21,3,2,9.24,Placed
96,81,53,77,71,5,2,5.21,Placed
77,22,52,30,84,5,2,7.18,Placed
84,53,46,24,32,3,2,8.14,Placed
62,75,37,48,85,4,3,7.65,Placed
99,85,76,68,64,3,1,5.37,Placed
64,26,73,36,37,4,0,9.42,Placed
46,44,91,68,21,2,3,9.15,Placed
57,77,30,93,98,0,1,7.54,Placed
53,62,35,52,86,4,2,8.65,Placed
75,41,92,57,59,0,0,6.3,Placed
91,92,26,66,49,2,3,5.64,Placed
55,95,65,31,72,3,1,8.2,Placed
92,92,62,48,36,5,3,7.47,Placed
91,91,52,85,86,3,3,9.17,Placed
61,68,39,95,41,2,1,9.36,Placed
50,87,41,88,20,0,1,5.77,Placed
63,46,25,75,85,4,2,7.14,Placed
86,58,74,82,72,5,3,7.51,Placed
79,71,55,61,90,1,3,9.87,Placed
86,55,93,61,93,3,2,5.73,Placed
54,65,45,30,81,2,2,8.42,Placed
85,62,96,100,40,4,3,6.37,Placed
85,78,55,31,28,5,2,9.85,Placed
64,40,74,76,61,0,0,8.95,Placed
79,83,74,52,62,1,2,8.07,Placed
62,60,29,65,75,2,0,8.06,Placed
68,87,96,74,50,5,0,9.57,Placed
43,92,46,64,84,1,0,9.18,Placed
65,44,24,30,61,4,3,8.26,Placed
49,42,55,38,36,4,2,8.8,Placed
90,47,59,96,41,3,3,7.05,Placed
43,92,100,86,52,3,0,9.77,Placed
91,84,24,55,21,1,1,9.55,Placed
75,20,29,62,48,3,1,6.87,Placed
96,87,71,71,82,0,2,6.63,Placed
57,73,22,64,51,4,1,9.46,Placed
42,98,75,82,54,5,3,8.16,Placed
48,83,37,26,100,2,1,6.98,Placed
84,58,99,93,28,0,1,8.55,Placed
92,64,72,76,100,5,1,9.02,Placed
63,25,41,30,65,2,1,7.79,Placed
95,22,83,78,63,2,1,5.45,Placed
50,69,43,73,53,1,2,6.99,Placed
81,85,54,56,70,0,3,7.81,Placed
89,22,81,63,30,5,0,8.04,Placed
44,78,81,67,67,0,1,7.86,Placed
84,55,58,32,59,4,1,6.7,Placed
83,32,74,55,99,4,1,7.6,Placed
83,51,86,63,93,3,2,7.2,Placed
67,64,68,60,94,0,3,5.09,Placed
60,58,98,53,46,5,2,6.11,Placed
89,75,88,80,83,0,2,9.3,Placed
91,92,42,38,20,4,2,8.84,Placed
94,26,82,71,50,2,0,6.73,Placed
63,95,79,79,35,0,0,5.55,Placed
100,62,52,79,78,1,2,8.07,Placed
56,50,29,53,88,3,1,5.86,Placed
100,66,79,84,63,3,2,5.52,Placed
61,54,82,59,32,3,2,9.38,Placed
63,79,47,99,60,1,1,9.3,Placed
74,66,67,64,90,0,2,7.43,Placed
78,58,82,66,84,0,3,7.01,Placed
49,87,53,100,35,1,3,5.84,Placed
53,58,76,20,58,0,3,5.51,Placed
65,95,76,32,52,5,3,8.35,Placed
71,51,57,35,91,2,2,7.86,Placed
42,86,47,83,56,2,3,5.19,Placed
69,23,44,97,69,0,0,5.39,Placed
62,98,23,25,33,3,0,9.7,Placed
69,93,54,93,24,3,3,8.5,Placed
51,87,60,60,32,3,1,5.55,Placed
91,66,94,50,90,4,3,7.23,Placed
83,51,65,45,74,3,1,6.84,Placed
83,65,87,96,72,0,3,5.29,Placed
48,37,88,88,47,2,0,9.84,Placed
54,64,33,44,98,0,0,6.36,Placed
43,97,79,59,41,3,2,9.88,Placed
54,75,71,48,60,3,3,7.21,Placed
92,28,54,86,22,1,0,8.32,Placed
98,78,49,66,100,3,2,7.8,Placed
49,69,23,85,42,2,1,9.74,Placed
82,73,50,80,95,2,0,5.71,Placed
72,86,69,74,94,0,0,9.05,Placed
83,36,45,41,29,2,1,6.61,Placed
50,68,30,33,94,3,1,9.21,Placed
91,99,59,70,60,3,2,8.15,Placed
57,68,67,47,43,2,2,6.4,Placed
99,29,34,86,32,5,2,5.43,Placed
64,77,44,85,22,5,2,5.72,Placed
53,90,89,32,95,1,3,9.19,Placed
86,74,85,58,32,4,2,9.31,Placed
100,30,53,68,37,1,0,9.73,Placed
56,86,51,45,51,2,2,9.87,Placed
97,32,34,43,76,1,1,9.56,Placed
40,45,20,85,81,3,2,7.34,Placed
70,25,93,21,73,5,3,7.18,Placed
74,50,79,68,38,5,2,5.01,Placed
66,81,28,73,43,0,3,5.74,Placed
58,89,87,86,70,4,0,8.28,Placed
46,84,69,93,48,0,1,9.43,Placed
82,40,69,58,62,3,2,8.07,Placed
69,58,33,95,98,0,3,5.19,Placed
85,49,97,22,69,2,0,9.83,Placed
86,82,21,49,58,1,2,9.07,Placed
47,96,77,26,35,4,0,8.69,Placed
63,91,93,32,44,3,1,7.9,Placed
69,21,79,55,42,0,2,9.61,Placed
44,96,51,70,37,2,1,7.01,Placed
40,37,42,34,74,4,0,7.75,Placed
72,78,66,55,85,0,1,9.32,Placed
99,97,49,45,67,4,1,8.78,Placed
92,58,44,99,30,0,3,6.81,Placed
55,61,30,81,59,2,2,6.89,Placed
53,64,35,23,40,5,0,6.52,Placed
98,31,39,89,51,1,0,7.86,Placed
63,85,94,81,92,4,0,9.66,Placed
61,97,78,32,83,3,0,9.29,Placed
84,23,44,24,64,3,3,9.54,Placed
97,93,58,29,36,2,3,5.02,Placed
45,70,52,89,49,5,2,6.04,Placed
68,69,91,53,34,4,3,8.82,Placed
65,78,79,75,27,0,3,6.4,Placed
59,61,95,78,49,0,3,8.8,Placed
42,49,48,42,53,4,3,8.74,Placed
86,77,62,83,53,2,0,8.9,Placed
59,89,55,88,25,4,2,8.5,Placed
68,47,34,89,31,2,3,5.1,Placed
61,57,40,81,26,3,2,9.09,Placed
85,58,81,72,35,0,0,5.26,Placed
76,80,70,59,77,2,2,8.37,Placed
62,73,63,79,39,4,3,5.76,Placed
64,93,46,57,84,2,2,9.72,Placed
83,23,46,94,21,4,2,9.78,Placed
64,87,64,73,21,3,3,8.62,Placed
86,96,43,72,28,1,1,9.66,Placed
90,90,80,24,99,3,3,9.45,Placed
68,96,67,79,25,5,1,7.85,Placed
97,72,38,68,48,3,3,7.95,Placed
96,76,28,30,27,3,1,9.94,Placed
47,36,90,96,73,1,1,8.3,Placed
42,72,89,41,56,1,1,6.16,Placed
83,50,26,38,47,4,1,6.26,Placed
64,22,71,23,68,4,2,8.54,Placed
83,20,71,98,64,5,1,5.95,Placed
68,88,70,61,37,4,2,5.45,Placed
72,63,51,81,26,0,3,9.31,Placed
56,52,87,91,63,2,3,8.9,Placed
61,51,33,34,94,5,0,6.28,Placed
63,64,59,38,87,0,2,6.24,Placed
68,72,58,36,66,2,0,7.4,Placed
95,74,90,87,77,4,3,5.14,Placed
51,25,49,95,36,1,0,6.25,Placed
44,81,24,31,99,5,2,7.8,Placed
66,46,95,93,36,4,3,7.83,Placed
89,81,40,86,83,1,0,6.26,Placed
50,59,92,66,72,1,0,7.37,Placed
82,93,70,59,58,0,3,5.04,Placed
52,43,89,91,84,0,3,5.02,Placed
60,30,25,42,87,3,2,6.69,Placed
45,39,22,38,40,5,0,5.41,Placed
96,82,66,58,66,2,0,6.99,Placed
73,83,99,37,28,0,2,7.03,Placed
48,79,60,22,32,2,1,7.03,Placed
83,93,77,52,55,1,0,6.15,Placed
86,70,27,81,88,2,2,8.67,Placed
99,44,45,21,93,2,3,5.71,Placed
55,91,47,70,88,5,0,7.13,Placed
90,31,53,62,77,4,1,6.15,Placed
65,82,29,54,88,2,0,8.1,Placed
69,20,32,66,25,5,0,7.83,Placed
71,97,81,36,23,4,1,6.75,Placed
76,36,25,35,91,1,2,5.63,Placed
54,39,92,77,20,2,1,8.77,Placed
77,63,84,40,95,0,2,7.68,Placed
100,100,67,61,35,0,3,9.21,Placed
91,97,76,30,56,4,1,9.87,Placed
97,79,62,78,58,5,0,9.97,Placed
59,43,58,91,79,1,3,5.79,Placed
48,64,96,30,86,4,1,8.47,Placed
51,58,93,80,77,1,3,8.54,Placed
69,81,41,53,58,1,2,5.99,Placed
96,63,58,99,79,4,3,5.82,Placed
95,68,66,80,34,2,3,8.76,Placed
94,59,48,86,25,1,0,8.81,Placed
54,54,88,22,57,1,2,7.35,Placed
95,73,26,100,23,5,0,7.84,Placed
40,96,28,73,65,3,1,7.39,Placed
48,56,41,71,68,5,1,5.63,Placed
56,96,39,24,48,3,1,5.27,Placed
88,30,54,100,27,0,2,5.74,Placed
55,33,34,78,43,1,3,6.55,Placed
44,53,82,62,73,4,0,9.39,Placed
80,28,86,54,36,4,1,6.09,Placed
61,98,87,54,77,2,1,5.79,Placed
74,51,61,98,73,5,3,9.56,Placed
70,81,30,65,51,4,0,8.95,Placed
50,75,40,58,79,5,1,7.01,Placed
40,25,45,38,97,4,0,7.87,Placed
85,27,75,58,78,3,0,9.32,Placed
81,59,58,38,77,4,3,6.25,Placed
87,61,60,53,26,5,2,5.88,Placed
55,35,71,99,83,4,1,8.62,Placed
87,27,75,76,66,2,1,8.11,Placed
59,49,93,71,95,0,2,6.6,Placed
53,95,43,64,42,4,3,7.79,Placed
54,62,78,45,51,4,0,9.46,Placed
55,22,81,49,55,2,1,8.15,Placed
93,46,26,43,49,3,2,5.51,Placed
51,39,57,80,52,0,2,5.95,Placed
92,78,40,27,50,1,2,5.22,Placed
98,29,71,26,36,1,1,6.63,Placed
92,23,82,31,66,2,2,7.67,Placed
71,26,95,54,26,2,1,5.76,Placed
81,58,63,70,59,0,0,7.97,Placed
50,67,67,31,36,2,1,7.55,Placed
92,24,82,86,29,4,0,9.22,Placed
92,64,22,64,48,5,2,8.06,Placed
56,28,98,80,34,2,3,9.29,Placed
60,65,83,35,70,3,1,5.87,Placed
72,100,36,55,72,1,0,9.2,Placed
67,35,72,37,29,5,2,9.46,Placed
85,75,50,60,36,0,0,7.29,Placed
100,29,60,25,57,1,0,6.57,Placed
75,69,84,65,73,4,3,7.3,Placed
44,59,44,47,74,0,0,8.73,Placed
77,24,33,25,30,2,3,8.66,Placed
94,26,47,96,39,3,0,7.69,Placed
53,24,55,70,34,3,1,7.77,Placed
47,72,85,80,88,5,2,5.44,Placed
92,65,73,96,25,2,0,8.3,Placed
64,62,71,91,88,1,3,7.39,Placed
73,24,21,81,39,5,3,5.78,Placed
40,90,34,57,77,1,1,7.29,Placed
62,73,56,22,79,4,1,8.64,Placed
85,23,88,48,26,3,3,9.76,Placed
73,96,94,100,92,2,0,8.21,Placed
62,56,97,90,46,3,3,9.46,Placed
56,69,81,53,92,0,3,6.89,Placed
72,73,77,67,28,4,2,8.81,Placed
97,32,30,74,58,2,3,5.23,Placed
82,97,66,71,46,2,1,9.63,Placed
45,84,26,100,76,1,1,5.08,Placed
42,37,64,87,64,3,2,8.79,Placed
53,50,80,81,81,1,0,8.39,Placed
46,68,83,91,81,0,1,9.2,Placed
46,67,56,90,81,5,1,5.06,Placed
46,38,53,27,37,2,2,6.69,Placed
41,27,63,57,95,0,0,8.33,Placed
77,90,46,92,83,3,3,6.18,Placed
72,81,37,59,68,0,3,6.07,Placed
52,56,51,87,48,5,0,5.14,Placed
77,30,57,48,60,1,2,8.09,Placed
54,22,82,55,33,3,3,6.57,Placed
57,72,69,39,85,4,3,8.47,Placed
62,32,86,97,68,1,1,6.68,Placed
68,61,100,71,27,0,1,5.64,Placed
42,36,48,56,24,2,3,8.72,Placed
68,33,43,66,30,5,2,7.59,Placed
87,25,53,33,86,5,1,8.86,Placed
72,21,63,28,72,3,3,5.22,Placed
74,34,43,47,94,1,3,7.64,Placed
58,55,82,98,24,4,3,9.0,Placed
66,30,61,37,80,3,2,9.15,Placed
91,56,58,58,39,0,1,5.8,Placed
56,91,39,52,88,4,3,5.96,Placed
44,51,79,50,79,0,2,6.83,Placed
54,29,34,88,24,5,1,6.9,Placed
64,100,95,35,53,0,1,8.35,Placed
66,20,69,30,23,2,3,9.65,Placed
90,31,84,92,35,0,1,8.67,Placed
94,68,96,38,58,5,3,7.05,Placed
75,47,57,28,25,1,2,5.39,Placed
45,45,28,86,33,0,0,6.56,Placed
100,63,30,49,40,2,0,7.22,Placed
77,20,59,59,77,0,2,7.07,Placed
76,55,26,69,78,0,2,8.3,Placed
72,78,87,47,28,0,1,5.52,Placed
91,65,69,54,60,3,1,9.73,Placed
49,78,61,80,96,2,0,7.27,Placed
57,23,48,47,77,2,2,8.09,Placed
77,98,87,77,20,4,1,6.23,Placed
46,49,70,98,56,0,1,9.08,Placed
65,58,29,20,69,0,1,5.84,Placed
88,77,64,49,28,5,0,6.74,Placed
99,70,50,31,24,0,0,9.98,Placed
78,71,62,57,72,0,1,6.61,Placed
65,24,69,56,22,0,2,7.2,Placed
100,86,71,79,96,2,3,8.87,Placed
80,94,86,95,54,4,2,7.58,Placed
69,21,51,71,33,0,0,9.61,Placed
69,79,20,29,76,3,1,8.27,Placed
60,93,59,96,45,1,0,7.22,Placed
46,34,29,76,33,4,3,9.16,Placed
42,55,98,23,41,0,2,6.43,Placed
45,65,62,95,74,3,2,6.14,Placed
54,86,58,92,72,5,2,6.87,Placed
50,49,92,33,81,5,0,9.09,Placed
86,49,66,51,20,0,2,8.09,Placed
91,94,94,43,69,5,3,9.9,Placed
53,69,34,98,81,5,3,6.18,Placed
69,47,92,58,74,5,1,6.37,Placed
71,39,45,91,64,4,3,9.29,Placed
82,51,99,39,81,5,3,7.77,Placed
82,31,53,30,50,2,1,8.96,Placed
97,81,97,69,76,0,3,5.03,Placed
63,91,32,81,49,2,3,8.04,Placed
47,35,69,37,63,0,3,8.49,Placed
77,91,98,44,67,2,3,6.51,Placed
53,95,88,96,77,0,0,9.69,Placed
82,100,61,66,82,0,1,8.0,Placed
55,52,36,80,32,5,3,6.99,Placed
87,94,39,66,61,1,0,6.65,Placed
79,42,69,26,20,0,0,8.92,Placed
90,34,27,30,61,3,0,7.08,Placed
94,94,78,44,91,2,2,9.84,Placed
87,99,100,85,30,1,0,9.28,Placed
40,26,91,85,37,5,1,7.65,Placed
59,68,93,99,26,5,3,7.39,Placed
52,47,29,27,53,5,2,7.65,Placed
71,79,100,51,100,3,2,9.85,Placed
86,73,28,97,37,1,0,8.86,Placed
73,90,37,37,22,3,1,8.75,Placed
73,70,56,35,81,3,0,8.19,Placed
80,48,23,39,44,3,2,8.82,Placed
84,100,75,97,50,3,1,6.58,Placed
80,98,95,28,72,3,3,6.37,Placed
93,51,38,48,93,5,0,8.57,Placed
86,49,42,63,37,4,1,9.43,Placed
80,71,78,33,42,3,1,7.31,Placed
56,97,99,92,61,1,1,6.57,Placed
98,98,73,52,53,2,2,8.8,Placed
55,100,74,89,75,4,0,9.36,Placed
96,34,29,59,48,1,0,7.13,Placed
41,97,86,23,61,4,3,7.39,Placed
93,62,60,64,96,5,0,8.85,Placed
98,69,41,81,87,3,0,5.86,Placed
62,93,32,39,22,5,2,9.77,Placed
55,79,41,34,72,1,3,6.98,Placed
41,47,38,44,61,4,2,5.36,Placed
90,20,42,99,60,2,3,7.34,Placed
54,78,93,45,97,2,3,9.26,Placed
60,64,28,92,38,2,3,6.35,Placed
45,29,28,81,47,3,3,5.06,Placed
85,87,74,38,65,3,3,9.31,Placed
46,33,40,66,91,2,1,6.03,Placed
41,21,89,25,66,3,1,5.16,Placed
100,85,38,93,41,5,2,9.97,Placed
75,37,85,79,48,1,0,5.2,Placed
70,86,87,45,30,1,3,6.15,Placed
67,65,57,89,64,1,1,5.01,Placed
48,20,28,98,77,0,2,5.69,Placed
70,52,28,75,40,3,3,8.81,Placed
53,100,70,61,28,1,2,6.77,Placed
45,22,22,66,30,0,0,8.09,Placed
84,88,52,36,36,3,1,6.04,Placed
43,21,46,73,21,3,1,5.65,Placed
60,24,39,87,49,0,1,8.35,Placed
83,38,55,45,78,2,1,7.87,Placed
67,93,38,91,23,4,0,9.36,Placed
85,70,48,35,74,3,3,9.18,Placed
70,59,21,51,46,0,2,6.87,Placed
98,52,28,22,69,0,3,6.95,Placed
77,79,20,23,89,2,2,8.94,Placed
61,90,23,32,62,5,0,7.45,Placed
59,38,94,72,41,4,0,7.93,Placed
58,32,35,65,20,2,0,8.27,Placed
91,72,98,93,73,0,1,5.61,Placed
93,40,62,67,40,5,1,8.48,Placed
48,90,26,61,84,4,1,9.92,Placed
81,76,58,50,64,2,0,9.77,Placed
94,59,83,71,42,2,1,7.98,Placed
42,33,31,34,62,1,2,6.6,Placed
83,75,43,79,77,5,1,7.01,Placed
54,30,76,55,88,4,0,9.85,Placed
41,52,65,88,84,0,3,5.59,Placed
74,75,28,59,36,1,1,6.84,Placed
84,62,57,66,96,1,0,6.63,Placed
90,65,92,72,76,2,3,7.48,Placed
78,31,33,44,77,4,1,5.09,Placed
59,62,79,72,38,3,2,6.63,Placed
95,33,31,69,20,4,2,9.84,Placed
76,79,24,33,64,5,1,5.91,Placed
89,46,45,68,86,4,3,5.3,Placed
98,85,45,54,78,3,0,5.65,Placed
72,93,86,95,99,5,1,5.04,Placed
98,83,55,69,33,5,0,8.74,Placed
86,93,97,81,93,4,1,7.33,Placed
80,62,70,26,48,1,3,8.74,Placed
96,86,65,38,85,2,3,7.56,Placed
46,89,53,50,93,3,3,8.48,Placed
43,92,21,20,80,1,3,7.94,Placed
79,94,98,58,55,2,3,8.42,Placed
81,52,59,55,34,0,3,7.01,Placed
97,41,74,37,69,5,2,6.42,Placed
54,58,77,65,92,0,3,5.15,Placed
91,53,51,63,94,5,1,9.6,Placed
73,62,100,92,26,3,3,6.82,Placed
94,60,77,84,48,5,3,6.65,Placed
82,90,29,68,81,4,2,9.98,Placed
53,59,24,82,46,0,3,8.26,Placed
46,79,79,69,32,5,1,6.58,Placed
41,100,20,82,85,4,1,6.94,Placed
50,39,44,45,84,2,2,5.07,Placed
97,44,72,94,95,4,2,5.65,Placed
75,62,25,43,48,0,1,9.65,Placed
83,70,60,45,40,3,1,6.57,Placed
82,62,35,56,99,3,1,6.31,Placed
84,26,44,37,36,1,2,7.41,Placed
44,57,74,98,62,0,1,8.55,Placed
60,67,64,77,25,1,0,5.2,Placed
47,80,52,29,44,3,2,6.33,Placed
99,66,92,55,80,3,0,8.83,Placed
46,90,92,51,96,0,1,7.39,Placed
86,21,73,61,23,3,3,5.52,Placed
49,41,39,89,50,5,0,6.82,Placed
58,56,73,91,65,1,0,9.68,Placed
63,67,61,63,94,2,0,5.63,Placed
66,47,62,74,20,3,3,7.44,Placed
74,97,59,47,49,5,1,7.44,Placed
94,44,93,96,27,2,3,5.18,Placed
73,42,51,71,92,3,1,9.74,Placed
67,92,22,43,43,1,0,7.82,Placed
63,63,22,71,33,3,0,7.16,Placed
100,79,23,28,63,5,0,5.86,Placed
43,46,94,46,52,2,0,7.29,Placed
78,80,40,34,68,1,0,7.76,Placed
52,50,49,95,29,5,1,7.89,Placed
64,98,38,34,20,2,1,5.12,Placed
45,40,42,73,25,0,1,9.42,Placed
72,49,79,76,55,1,3,8.9,Placed
60,56,99,91,61,3,3,8.95,Placed
97,90,38,27,71,1,1,5.79,Placed
82,86,23,30,41,3,0,9.51,Placed
56,73,73,66,84,4,2,5.69,Placed
96,54,82,72,21,4,3,9.09,Placed
92,22,74,53,76,1,2,9.58,Placed
61,42,66,79,47,3,3,8.47,Placed
70,83,90,88,53,0,3,5.02,Placed
84,97,54,73,60,3,3,7.29,Placed
95,26,75,31,38,4,3,9.77,Placed
49,89,59,39,71,4,0,8.98,Placed
48,85,38,71,29,5,3,6.29,Placed
68,23,20,63,45,3,0,8.23,Placed
100,74,24,62,69,5,3,7.71,Placed
40,45,29,71,68,2,3,9.85,Placed
76,67,28,38,79,4,1,9.49,Placed
96,42,53,37,91,5,2,6.19,Placed
63,54,30,71,22,0,0,9.89,Placed
75,53,91,22,86,3,0,9.65,Placed
47,80,20,85,71,3,0,6.84,Placed
42,81,79,33,27,3,2,5.29,Placed
54,48,74,90,94,2,3,7.99,Placed
68,39,57,72,30,5,0,6.64,Placed
44,31,24,93,20,0,3,5.25,Placed
46,83,91,66,23,5,1,5.06,Placed
43,39,64,56,92,3,1,8.43,Placed
99,100,49,99,42,0,0,5.06,Placed
83,42,99,80,66,4,3,6.35,Placed
69,62,49,96,74,2,3,8.74,Placed
56,41,64,39,69,5,2,8.34,Placed
50,27,56,30,71,2,0,6.75,Placed
86,47,76,57,25,5,2,5.46,Placed
97,44,50,78,98,1,3,8.95,Placed
90,70,93,97,77,3,0,8.72,Placed
97,68,20,87,60,2,3,8.83,Placed
91,78,58,96,25,2,2,8.08,Placed
65,86,85,30,55,2,0,7.58,Placed
53,63,84,71,41,2,0,8.37,Placed
68,52,53,62,23,4,3,6.05,Placed
56,67,51,60,38,3,0,5.49,Placed
47,31,27,86,67,5,0,9.81,Placed
56,72,74,85,98,4,2,7.98,Placed
92,41,29,51,65,4,3,5.59,Placed
82,46,26,78,45,5,2,8.47,Placed
94,88,21,25,39,1,3,6.32,Placed
62,98,83,37,21,2,2,6.48,Placed
92,40,93,86,81,4,0,8.59,Placed
49,28,56,80,52,4,2,7.23,Placed
64,20,57,42,94,1,3,9.79,Placed
70,90,52,80,43,0,2,7.15,Placed
69,43,83,63,88,0,2,6.72,Placed
49,99,43,74,77,3,3,7.95,Placed
74,87,79,80,62,2,2,6.65,Placed
56,77,57,28,50,2,0,5.58,Placed
79,37,94,47,73,0,2,9.81,Placed
67,43,78,62,28,5,1,6.26,Placed
97,51,86,97,23,0,1,9.2,Placed
93,87,56,57,81,4,1,7.11,Placed
90,64,72,35,28,2,3,7.77,Placed
65,37,36,50,27,3,0,8.29,Placed
61,98,52,86,23,2,1,5.51,Placed
42,36,36,77,58,1,1,5.26,Placed
93,76,42,82,28,4,3,8.18,Placed
50,56,58,78,65,3,1,9.31,Placed
91,33,36,100,29,1,0,7.46,Placed
94,43,91,82,89,0,3,7.08,Placed
60,58,64,99,85,2,3,6.88,Placed
62,75,61,57,30,4,0,5.83,Placed
94,90,86,42,63,1,0,9.69,Placed
98,86,89,68,75,4,0,9.56,Placed
60,98,54,69,95,5,2,5.88,Placed
72,40,88,56,77,0,2,5.77,Placed
55,30,48,41,98,4,3,5.46,Placed
86,41,46,40,22,1,3,9.72,Placed
73,75,57,36,76,5,3,7.73,Placed
48,74,89,63,43,3,1,7.65,Placed
87,68,23,51,39,0,3,7.24,Placed
54,54,76,30,20,3,1,8.33,Placed
54,48,54,64,67,3,1,6.71,Placed
67,42,44,36,77,3,0,5.28,Placed
61,47,63,87,65,5,3,6.09,Placed
100,36,79,48,36,1,2,9.08,Placed
91,77,22,59,40,2,0,8.82,Placed
49,62,63,63,57,3,1,9.91,Placed
90,77,78,24,57,0,0,7.08,Placed
75,88,28,66,94,3,2,7.0,Placed
81,78,49,87,70,2,3,8.04,Placed
59,55,85,53,75,3,1,6.04,Placed
85,42,99,29,40,2,2,6.76,Placed
69,76,23,21,74,1,1,8.39,Placed
56,60,94,95,55,1,3,6.37,Placed
71,72,23,91,96,2,1,5.3,Placed
48,26,48,51,93,4,0,8.47,Placed
55,84,83,31,68,1,1,6.24,Placed
67,90,99,26,61,4,0,5.19,Placed
83,22,34,66,47,1,3,6.4,Placed
91,45,61,71,78,0,1,8.18,Placed
68,82,41,85,78,0,2,9.63,Placed
63,97,75,99,67,3,2,6.77,Placed
71,63,92,63,98,4,2,9.88,Placed
41,63,61,50,100,3,1,7.82,Placed
80,30,76,34,58,4,2,9.38,Placed
93,56,29,91,48,4,2,9.71,Placed
84,60,36,66,38,0,3,9.47,Placed
89,87,84,40,29,3,2,5.48,Placed
44,98,100,43,31,2,2,7.46,Placed
85,57,60,39,27,1,0,8.95,Placed
82,37,80,100,69,4,2,7.32,Placed
41,85,90,38,58,0,1,9.11,Placed
63,50,42,31,41,5,2,9.39,Placed
58,21,42,94,45,3,1,6.45,Placed
93,22,93,52,31,1,0,9.11,Placed
97,24,66,41,65,3,2,7.91,Placed
43,23,56,81,97,2,0,5.68,Placed
98,50,39,61,58,3,0,5.43,Placed
97,96,31,34,46,2,1,6.31,Placed
72,66,80,28,45,1,3,8.46,Placed
97,79,74,89,73,0,1,7.47,Placed
58,36,34,34,39,0,1,8.1,Placed
96,46,84,30,48,0,0,6.45,Placed
94,59,91,24,40,4,0,7.78,Placed
81,87,28,94,68,5,3,6.51,Placed
63,40,44,34,93,0,0,7.57,Placed
44,47,44,61,70,4,1,5.47,Placed
49,49,75,100,71,3,0,9.96,Placed
99,28,81,30,21,5,1,8.45,Placed
97,92,31,99,34,4,3,6.45,Placed
60,23,34,50,46,1,0,8.82,Placed
55,54,53,95,67,3,0,9.79,Placed
44,52,86,80,70,2,0,9.13,Placed
71,78,64,39,65,5,3,5.76,Placed
44,68,46,35,70,0,1,8.31,Placed
81,84,29,31,27,2,3,9.88,Placed
41,44,93,98,68,1,0,7.12,Placed
95,79,22,21,64,4,2,7.01,Placed
78,70,70,97,51,5,1,9.93,Placed
55,47,79,27,23,3,0,8.71,Placed
60,86,21,23,94,3,0,6.37,Placed
43,91,73,45,51,1,1,6.49,Placed
94,23,71,63,88,3,2,6.43,Placed
84,89,87,90,44,4,1,6.22,Placed
61,96,20,93,83,1,1,7.62,Placed
96,61,89,38,67,4,2,8.71,Placed
62,60,34,47,99,0,3,8.91,Placed
53,59,86,41,50,3,3,7.71,Placed
98,46,90,82,45,3,1,5.73,Placed
55,88,22,24,53,5,1,7.06,Placed
68,66,86,59,72,3,2,7.59,Placed
87,81,54,32,70,1,3,8.83,Placed
48,24,71,49,33,3,2,6.73,Placed
50,93,76,81,71,0,0,6.3,Placed
72,58,20,85,33,0,2,6.27,Placed
45,67,76,42,89,0,2,8.56,Placed
84,68,28,29,73,4,3,5.59,Placed
59,69,23,45,68,0,0,7.58,Placed
50,71,22,62,63,2,2,6.9,Placed
62,53,42,70,84,1,3,7.53,Placed
56,49,83,77,31,2,0,5.99,Placed
96,54,100,60,55,2,2,8.37,Placed
90,74,23,21,49,0,0,5.46,Placed
66,37,39,83,39,1,3,9.0,Placed
70,54,36,32,76,5,1,6.95,Placed
73,49,88,67,27,4,2,9.19,Placed
80,77,22,94,44,2,0,8.9,Placed
78,93,30,72,66,0,0,5.35,Placed
66,53,22,50,55,4,2,7.81,Placed
52,80,79,24,21,5,3,5.86,Placed
71,93,62,93,62,5,0,6.52,Placed
51,96,65,52,56,4,3,7.14,Placed
61,57,37,30,80,5,2,9.22,Placed
48,80,63,41,84,0,0,5.56,Placed
99,28,77,46,54,2,3,7.9,Placed
90,56,60,94,43,1,2,8.37,Placed
92,72,47,90,49,1,3,6.39,Placed
86,85,97,82,31,5,0,5.27,Placed
68,21,79,91,33,1,2,8.18,Placed
61,77,71,29,50,0,2,9.37,Placed
89,92,58,91,56,0,2,5.87,Placed
85,51,60,64,39,4,1,8.2,Placed
70,41,88,80,65,3,3,7.87,Placed
75,35,46,26,37,3,2,6.89,Placed
80,78,80,32,30,2,1,9.42,Placed
86,28,87,79,24,5,2,5.36,Placed
86,20,82,93,35,0,3,5.6,Placed
59,71,52,52,68,5,0,9.84,Placed
77,84,50,27,93,3,2,9.0,Placed
51,58,82,47,86,4,2,9.85,Placed
51,50,83,81,57,4,3,7.29,Placed
43,80,91,91,35,5,1,6.7,Placed
51,62,32,40,31,5,0,7.75,Placed
50,41,71,81,93,4,0,8.07,Placed
82,71,72,22,38,4,3,6.8,Placed
86,46,90,47,93,5,2,7.3,Placed
66,59,71,87,37,0,0,9.15,Placed
52,80,21,95,22,3,0,9.05,Placed
71,86,27,87,100,4,3,9.6,Placed
85,75,94,48,41,0,3,9.0,Placed
90,24,93,85,50,2,2,7.97,Placed
83,75,82,58,89,3,3,9.67,Placed
51,98,72,64,27,3,2,8.37,Placed
57,63,70,60,76,1,3,7.35,Placed
63,55,31,96,85,1,0,7.23,Placed
77,54,83,81,93,2,0,9.3,Placed
91,25,44,59,62,1,1,5.31,Placed
67,42,70,98,48,0,1,5.63,Placed
87,69,52,64,41,2,3,6.11,Placed
40,98,24,79,53,0,3,6.14,Placed
45,75,85,63,38,5,1,6.36,Placed
65,81,67,35,36,2,1,7.41,Placed
80,93,95,23,27,5,2,9.2,Placed
96,46,71,72,96,1,1,5.68,Placed
67,49,47,53,36,1,2,8.49,Placed
50,86,49,79,37,1,3,8.37,Placed
51,63,94,46,33,0,1,9.05,Placed
85,80,26,20,89,5,2,5.71,Placed
53,52,24,46,77,0,2,5.99,Placed
54,45,35,100,100,4,1,7.67,Placed
63,71,30,36,66,5,3,9.45,Placed
80,21,54,79,48,3,0,7.96,Placed
91,100,67,34,81,3,3,7.7,Placed
97,100,69,57,67,5,2,6.54,Placed
86,38,32,67,82,5,1,7.32,Placed
82,40,75,57,23,2,1,8.57,Placed
80,77,45,97,74,4,2,8.08,Placed
56,36,87,91,47,5,0,6.1,Placed
69,98,97,79,86,1,1,5.4,Placed
63,22,50,41,32,4,2,8.79,Placed
92,73,64,66,30,5,0,5.64,Placed
40,70,75,75,87,3,0,7.02,Placed
69,48,58,83,73,3,0,9.35,Placed
93,92,93,88,74,1,1,7.8,Placed
62,98,31,20,49,4,2,5.93,Placed
49,80,68,41,39,0,2,6.76,Placed
88,71,50,76,57,1,3,6.14,Placed
78,52,98,63,96,2,0,6.01,Placed
76,64,61,56,73,2,3,8.89,Placed
81,67,45,29,80,0,3,6.09,Placed
43,39,31,22,38,5,3,9.7,Placed
64,68,48,41,64,5,3,8.28,Placed
69,46,43,41,46,2,3,6.34,Placed
53,96,28,74,70,0,0,7.9,Placed
42,97,21,58,90,4,3,6.98,Placed
86,22,76,46,39,3,2,6.52,Placed
88,77,91,93,100,5,1,8.32,Placed
72,65,98,66,100,2,0,7.42,Placed
67,27,98,22,96,1,3,5.48,Placed
66,57,66,91,33,0,2,6.75,Placed
71,51,54,73,75,4,2,6.27,Placed
71,47,49,89,76,4,0,8.72,Placed
90,61,36,84,93,0,2,6.94,Placed
62,31,90,44,76,4,2,8.7,Placed
68,31,95,87,89,4,1,9.88,Placed
57,51,53,65,25,4,3,7.54,Placed
79,47,84,25,70,1,2,5.29,Placed
55,25,85,93,95,5,3,6.4,Placed
91,97,41,53,48,2,1,6.79,Placed
73,71,96,62,42,0,1,9.1,Placed
83,65,69,24,50,4,3,5.32,Placed
73,89,25,46,62,2,3,8.11,Placed
64,74,20,58,95,0,1,7.38,Placed
56,76,55,78,75,5,0,8.29,Placed
96,30,74,30,43,1,0,9.06,Placed
42,50,93,71,60,2,3,8.55,Placed
85,28,92,25,25,2,0,6.57,Placed
78,48,47,47,67,1,3,8.57,Placed
82,71,20,32,48,4,2,6.58,Placed
40,23,41,95,63,3,1,8.95,Placed
40,33,23,28,43,2,2,9.28,Placed
46,89,31,67,91,0,3,8.74,Placed
81,31,96,57,97,4,0,5.95,Placed
65,100,67,24,65,2,0,7.88,Placed
82,95,48,93,72,4,3,5.41,Placed
67,83,29,81,20,4,0,8.21,Placed
79,38,96,46,40,4,2,5.09,Placed
98,32,96,74,30,1,1,6.04,Placed
48,29,44,55,93,2,1,9.81,Placed
42,92,53,25,26,1,3,9.36,Placed
44,80,83,66,86,4,2,6.93,Placed
85,77,52,89,20,3,3,5.53,Placed
84,43,73,36,24,5,1,9.58,Placed
64,95,67,29,74,2,3,8.37,Placed
50,34,35,90,75,0,0,7.71,Placed
97,35,36,49,98,4,1,5.98,Placed
51,61,65,94,85,3,1,5.3,Placed
90,39,48,34,56,5,2,8.0,Placed
75,84,97,33,22,4,3,8.17,Placed
76,71,90,26,56,2,0,6.72,Placed
45,28,38,26,47,3,0,7.59,Placed
65,55,33,91,21,2,2,8.74,Placed
91,72,25,89,29,5,3,9.54,Placed
56,24,90,50,54,3,2,6.32,Placed
76,65,23,71,21,4,2,9.14,Placed
98,84,24,72,36,5,3,6.31,Placed
65,75,96,91,48,5,2,7.86,Placed
42,82,53,38,97,2,0,6.53,Placed
82,99,22,57,99,2,3,9.65,Placed
81,76,75,42,60,1,2,7.27,Placed
88,69,97,30,96,2,1,5.22,Placed
65,56,83,37,87,5,3,5.62,Placed
58,68,86,60,94,0,1,9.83,Placed
83,69,36,97,77,3,0,5.6,Placed
64,69,37,89,71,3,0,8.84,Placed
59,96,86,36,54,3,3,7.42,Placed
42,35,70,67,68,1,3,8.73,Placed
92,57,25,40,28,2,3,9.76,Placed
53,31,38,61,38,2,1,9.81,Placed
61,39,63,69,24,0,2,8.73,Placed
73,99,59,96,69,0,3,5.9,Placed
63,27,63,39,21,5,2,9.54,Placed
97,49,62,45,31,1,0,7.58,Placed
63,72,22,62,98,4,1,6.44,Placed
49,51,39,36,35,0,0,9.42,Placed
98,94,54,53,48,5,0,8.96,Placed
57,29,55,23,88,3,1,6.33,Placed
98,45,79,81,95,4,1,8.45,Placed
59,25,39,32,34,3,1,6.14,Placed
53,82,99,92,86,0,0,8.27,Placed
42,92,69,39,59,1,3,6.72,Placed
69,86,98,75,47,5,2,6.81,Placed
70,77,56,64,36,3,1,8.84,Placed
59,84,86,88,38,1,3,9.12,Placed
49,60,59,57,43,1,2,6.01,Placed
47,28,79,87,91,1,0,6.66,Placed
55,52,63,66,49,4,1,7.55,Placed
70,40,20,53,76,3,3,7.18,Placed
98,68,25,88,36,4,3,6.5,Placed
85,84,77,30,36,0,3,6.57,Placed
44,47,69,91,66,4,1,5.51,Placed
89,37,70,36,32,5,0,7.4,Placed
58,30,52,53,48,0,0,5.08,Not Placed
64,30,55,56,65,1,3,9.66,Placed
62,79,59,54,46,1,0,7.98,Placed
79,81,32,35,66,1,1,9.09,Placed
96,55,94,77,41,4,3,9.21,Placed
69,23,31,23,25,5,1,8.96,Placed
59,48,57,58,96,4,3,6.82,Placed
85,89,65,90,72,5,0,8.67,Placed
73,84,31,80,85,3,0,9.74,Placed
99,36,34,66,93,4,1,7.5,Placed
56,47,78,75,48,4,1,7.46,Placed
58,94,25,46,47,0,1,5.84,Placed
54,97,61,53,91,0,3,5.07,Placed
68,46,35,59,87,1,3,7.78,Placed
59,78,80,83,52,0,3,5.09,Placed
65,69,72,65,71,0,0,8.36,Placed
68,68,37,40,90,1,0,9.33,Placed
51,88,36,35,94,1,3,9.33,Placed
74,41,81,91,53,3,1,7.13,Placed
85,47,96,46,45,0,2,8.61,Placed
63,95,75,92,41,5,0,9.5,Placed
65,70,24,54,89,2,1,5.47,Placed
52,52,53,46,63,4,2,7.89,Placed
75,31,34,86,59,3,2,5.49,Placed
56,43,35,23,69,5,1,7.34,Placed
83,31,80,22,59,4,1,8.95,Placed
56,100,87,32,30,5,3,8.63,Placed
77,64,66,90,100,5,2,7.86,Placed
56,41,29,99,51,3,1,9.61,Placed
53,72,44,70,63,4,3,5.89,Placed
65,79,74,86,83,3,3,6.83,Placed
53,66,91,74,29,1,2,5.45,Placed
56,96,29,94,64,1,0,9.8,Placed
81,89,58,42,75,3,1,5.96,Placed
78,97,21,82,71,0,2,9.33,Placed
42,32,29,30,48,4,0,6.67,Placed
73,20,59,56,43,5,1,7.06,Placed
56,83,99,40,29,2,0,5.44,Placed
95,87,70,32,69,2,3,8.52,Placed
41,59,100,97,93,0,2,9.91,Placed
70,48,87,23,68,3,3,7.31,Placed
54,69,77,43,24,4,3,5.59,Placed
91,43,44,78,43,3,2,6.12,Placed
51,27,66,85,69,4,3,9.9,Placed
97,54,66,99,80,0,2,6.81,Placed
83,76,99,45,40,3,3,5.04,Placed
47,62,59,99,32,3,3,6.03,Placed
91,43,72,20,95,3,2,7.03,Placed
75,88,90,73,28,0,2,8.37,Placed
70,45,64,84,68,3,2,9.15,Placed
100,44,72,55,54,3,0,5.84,Placed
52,39,82,70,83,5,3,9.43,Placed
88,64,96,70,53,5,2,7.59,Placed
81,69,69,99,53,4,2,9.86,Placed
87,30,64,65,100,5,1,6.38,Placed
68,52,60,24,36,2,0,8.87,Placed
55,76,83,41,96,5,0,7.8,Placed
57,87,98,70,60,1,2,6.66,Placed
41,50,76,64,55,4,0,8.86,Placed
70,87,20,67,49,4,1,5.99,Placed
74,67,71,94,44,1,0,6.24,Placed
78,68,58,87,25,5,2,9.06,Placed
41,80,48,78,46,0,2,5.44,Placed
40,69,47,42,52,0,2,5.52,Placed
91,38,72,66,86,1,3,8.16,Placed
67,46,45,57,70,3,2,8.24,Placed
57,70,75,24,51,1,1,9.52,Placed
52,93,99,80,53,0,2,7.97,Placed
90,26,93,56,28,0,0,5.11,Placed
80,82,75,25,81,4,0,8.41,Placed
78,61,34,70,58,4,2,7.96,Placed
69,80,92,80,45,4,1,9.98,Placed
95,22,74,31,53,2,1,9.45,Placed
68,67,54,80,87,4,1,9.28,Placed
41,64,43,72,24,1,3,5.14,Placed
65,87,80,62,75,3,0,7.4,Placed
80,89,35,40,96,1,1,9.42,Placed
65,32,47,92,34,1,1,7.46,Placed
56,66,96,95,86,2,0,8.5,Placed
53,51,83,72,84,3,0,6.67,Placed
84,84,21,82,94,0,0,8.14,Placed
88,71,66,35,23,3,2,5.2,Placed
42,78,87,46,88,5,2,7.21,Placed
86,54,85,45,21,1,2,7.59,Placed
89,64,79,47,75,2,2,8.45,Placed
40,57,53,99,36,3,1,7.57,Placed
79,21,44,35,77,4,1,8.96,Placed
90,69,52,51,30,3,3,8.72,Placed
60,99,84,54,53,2,0,7.75,Placed
82,93,60,95,47,0,1,9.98,Placed
80,24,79,100,67,3,0,9.22,Placed
92,63,39,74,99,4,0,5.62,Placed
63,40,46,24,36,4,3,6.91,Placed
54,22,96,41,51,2,3,6.76,Placed
40,51,23,76,96,5,0,9.02,Placed
57,27,43,79,46,1,0,5.59,Placed
95,100,97,65,47,0,2,5.02,Placed
58,36,45,30,88,1,0,8.79,Placed
84,69,86,36,27,2,0,8.91,Placed
42,92,50,27,64,2,2,8.54,Placed
53,86,65,76,82,4,3,9.42,Placed
77,87,39,54,62,5,2,6.18,Placed
93,33,67,30,88,1,3,5.73,Placed
83,44,85,37,75,2,1,7.93,Placed
95,32,84,63,43,2,2,8.23,Placed
83,73,87,87,30,2,2,7.96,Placed
55,26,85,35,93,3,2,9.22,Placed
56,84,78,69,33,5,2,5.07,Placed
85,57,85,90,56,4,0,9.42,Placed
94,61,23,85,93,1,2,6.44,Placed
85,57,25,50,62,0,3,9.66,Placed
66,96,66,64,65,4,1,6.84,Placed
61,85,85,29,27,4,1,8.32,Placed
68,76,62,58,77,3,3,9.67,Placed
57,67,93,43,67,2,0,5.63,Placed
72,77,38,56,95,1,3,7.98,Placed
79,24,22,83,27,5,2,9.37,Placed
97,66,96,56,90,2,3,7.31,Placed
56,33,75,74,36,1,2,8.94,Placed
82,82,35,39,62,2,1,6.72,Placed
41,41,77,75,77,2,0,6.88,Placed
47,39,39,82,38,5,3,6.99,Placed
52,28,56,67,34,5,1,6.38,Placed
71,26,27,63,56,2,2,7.78,Placed
90,57,65,65,99,2,2,9.62,Placed
91,43,35,74,91,5,1,6.02,Placed
90,81,73,73,85,0,2,8.79,Placed
59,94,31,23,84,3,0,6.47,Placed
45,80,31,67,62,5,3,7.8,Placed
89,40,31,100,94,3,1,6.12,Placed
75,69,25,98,51,0,3,5.18,Placed
76,86,84,89,64,5,0,9.9,Placed
42,67,67,90,45,4,0,5.46,Placed
63,46,42,25,40,3,2,5.24,Placed
79,44,50,47,93,3,1,7.5,Placed
42,43,20,50,89,4,3,7.59,Placed
100,28,91,88,98,1,2,6.42,Placed
100,77,86,32,72,3,3,7.02,Placed
87,54,37,21,89,1,2,7.56,Placed
45,43,57,43,71,3,2,7.4,Placed
49,72,59,55,23,2,3,8.24,Placed
52,41,83,96,75,3,1,7.21,Placed
90,61,86,31,90,3,3,9.12,Placed
59,54,98,92,41,2,3,7.63,Placed
82,31,59,52,69,4,1,9.91,Placed
76,98,62,51,31,2,2,9.04,Placed
65,59,38,45,98,2,0,9.71,Placed
80,68,94,21,91,4,3,6.34,Placed
77,69,69,73,86,0,0,8.31,Placed
74,43,37,93,38,1,1,6.33,Placed
75,82,37,43,26,1,3,6.04,Placed
71,91,54,26,69,5,0,6.02,Placed
66,82,58,86,61,3,1,5.26,Placed
56,62,61,94,69,5,2,8.38,Placed
68,71,67,78,84,3,0,5.27,Placed
62,63,28,36,70,5,3,8.26,Placed
56,52,97,53,47,3,1,5.83,Placed
42,67,72,33,52,3,2,5.96,Placed
56,52,42,25,27,2,1,5.44,Placed
83,85,75,76,52,3,0,9.33,Placed
48,26,51,61,30,5,0,7.86,Placed
73,64,22,63,72,2,0,6.18,Placed
60,90,60,26,89,0,2,9.94,Placed
98,43,43,92,84,3,3,7.05,Placed
53,43,82,95,26,2,1,6.04,Placed
75,32,20,71,25,5,0,8.68,Placed
71,25,24,66,39,1,0,7.64,Placed
62,78,57,94,72,2,0,6.67,Placed
48,80,22,43,64,4,3,5.48,Placed
47,57,47,60,84,1,0,6.56,Placed
95,20,100,81,81,5,2,5.62,Placed
42,74,29,21,96,1,1,5.54,Placed
75,95,78,56,63,1,3,5.55,Placed
68,50,39,25,56,1,0,8.05,Placed
68,56,51,31,42,3,3,7.06,Placed
65,25,42,48,45,3,0,9.52,Placed
62,63,85,22,73,1,2,7.27,Placed
61,63,39,73,78,1,0,8.37,Placed
65,100,80,27,38,3,2,5.56,Placed
40,65,75,90,82,0,3,7.9,Placed
60,79,29,29,42,0,0,9.25,Placed
69,96,45,43,50,2,1,7.87,Placed
54,49,22,100,67,2,2,8.67,Placed
84,60,30,73,62,3,0,9.48,Placed
77,57,44,38,33,5,1,5.16,Placed
57,42,70,53,72,5,2,8.14,Placed
83,62,34,93,23,1,0,6.52,Placed
94,28,61,59,89,4,0,8.9,Placed
46,26,97,48,44,2,3,8.87,Placed
86,51,48,73,45,1,0,6.58,Placed
85,67,58,44,79,5,0,5.01,Placed
92,89,56,35,71,2,1,7.25,Placed
68,24,38,32,79,0,2,7.2,Placed
47,43,63,99,41,4,1,9.31,Placed
98,100,92,80,31,3,2,6.9,Placed
46,78,68,97,76,2,0,6.77,Placed
46,83,50,92,50,0,0,9.91,Placed
83,64,66,95,30,3,1,6.24,Placed
81,29,82,95,47,3,2,8.22,Placed
41,86,97,52,58,0,3,6.75,Placed
85,100,57,65,39,5,2,7.85,Placed
99,67,79,22,83,3,2,5.03,Placed
56,70,43,21,80,4,2,7.13,Placed
81,43,77,34,94,5,1,7.05,Placed
88,36,100,69,28,0,3,7.56,Placed
95,22,35,23,97,1,3,9.19,Placed
77,28,95,55,93,0,0,8.27,Placed
43,26,45,37,83,5,3,8.33,Placed
73,23,64,87,79,3,3,9.26,Placed
90,26,30,55,95,3,1,8.49,Placed
72,36,32,33,92,2,3,8.24,Placed
89,96,71,59,75,0,3,7.25,Placed
80,60,96,66,69,5,0,9.95,Placed
92,41,39,24,65,0,1,6.84,Placed
55,92,78,56,87,5,1,6.76,Placed
43,83,65,33,74,3,2,9.4,Placed
86,87,73,80,44,2,0,7.75,Placed
86,34,82,83,53,4,3,9.72,Placed
58,83,77,97,50,2,2,8.27,Placed
59,47,88,50,67,3,3,8.76,Placed
51,64,38,24,30,4,1,5.31,Placed
64,52,74,93,35,1,3,9.05,Placed
47,93,31,92,73,4,1,6.05,Placed
55,24,47,100,29,1,3,7.78,Placed
42,61,70,87,36,4,3,6.87,Placed
55,62,62,42,74,5,1,5.27,Placed
78,55,90,82,52,3,0,5.57,Placed
75,40,71,95,95,1,2,8.73,Placed
47,77,49,93,41,1,1,7.9,Placed
45,76,78,85,75,2,0,8.97,Placed
76,55,76,67,27,2,2,9.83,Placed
84,83,81,92,30,3,2,6.02,Placed
98,36,58,47,58,5,2,6.03,Placed
55,84,29,28,62,3,2,5.16,Placed
77,38,78,40,26,4,2,7.58,Placed
86,44,68,95,67,3,2,9.96,Placed
51,98,52,45,45,4,0,7.03,Placed
64,78,20,86,88,2,2,5.08,Placed
76,54,49,94,54,2,0,5.3,Placed
85,28,22,58,38,3,3,6.3,Placed
52,64,55,94,39,0,0,5.53,Placed
73,29,84,89,98,3,0,6.07,Placed
49,100,95,51,67,3,2,6.05,Placed
59,84,29,32,31,2,3,5.19,Placed
52,58,78,67,70,0,0,9.35,Placed
93,72,56,40,69,1,2,9.16,Placed
61,61,56,73,40,0,1,9.81,Placed
93,49,63,52,69,4,1,5.72,Placed
55,92,56,20,82,0,3,6.23,Placed
58,49,55,69,69,0,2,9.17,Placed
56,80,26,26,73,0,1,9.63,Placed
73,29,26,76,93,2,0,6.96,Placed
